-- phpMyAdmin SQL Dump
-- version 4.9.7
-- https://www.phpmyadmin.net/
--
-- Host: localhost:3306
-- Generation Time: Jan 16, 2023 at 05:30 PM
-- Server version: 10.3.37-MariaDB
-- PHP Version: 7.4.33

SET SQL_MODE = "NO_AUTO_VALUE_ON_ZERO";
SET AUTOCOMMIT = 0;
START TRANSACTION;
SET time_zone = "+00:00";


/*!40101 SET @OLD_CHARACTER_SET_CLIENT=@@CHARACTER_SET_CLIENT */;
/*!40101 SET @OLD_CHARACTER_SET_RESULTS=@@CHARACTER_SET_RESULTS */;
/*!40101 SET @OLD_COLLATION_CONNECTION=@@COLLATION_CONNECTION */;
/*!40101 SET NAMES utf8mb4 */;

--
-- Database: `bangarie_emonev`
--

-- --------------------------------------------------------

--
-- Table structure for table `tbm_akun`
--

CREATE TABLE `tbm_akun` (
  `id_akun` int(11) NOT NULL,
  `no_akun` varchar(50) NOT NULL,
  `akun` varchar(200) NOT NULL,
  `id_dir` int(11) NOT NULL,
  `id_subdir` int(11) NOT NULL
) ENGINE=InnoDB DEFAULT CHARSET=latin1 COLLATE=latin1_swedish_ci;

--
-- Dumping data for table `tbm_akun`
--

INSERT INTO `tbm_akun` (`id_akun`, `no_akun`, `akun`, `id_dir`, `id_subdir`) VALUES
(1, '1237.01.051', 'Sosialisasi kebijakan program dan kegiatan di kelurahan', 1237, 12375),
(2, '1237.01.052', 'Pemantapan penyelenggaraan program dan kegiatan kelurahan', 1237, 12375),
(3, '1237.01.053', 'Asistensi dan Supervisi Penyelenggaraan Evaluasi Kinerja Kelurahan', 1237, 12375),
(4, '1237.02.051', 'Asistensi Pelimpahan Kewenangan kepada Camat dalam mendukung inovasi pelayanan di kecamatan', 1237, 12375),
(5, '1237.02.052', 'Peningkatan Kapasitas Aparatur Pemerintah Daerah dalam mendukung inovasi pelayanan publik di kecamatan', 1237, 12375),
(6, '1237.02.053', 'Asistensi dan Supervisi Penyelenggaraan Evaluasi Kinerja Kecamatan', 1237, 12375),
(7, '1237.03.051', 'Koordinasi dan supervisi penyelenggaraan PTSP', 1237, 12374),
(8, '1237.03.052', 'Pengembangan aplikasi e-monev PTSP', 1237, 12374),
(9, '1237.03.053', 'Bimtek penyelenggaraan PTSP berbasis elektronik', 1237, 12374),
(10, '1237.03.054', 'Asistensi penerapan PTSP berbasis elektonik di daerah', 1237, 12374),
(11, '1237.03.055', 'Pembinaan penyelenggaraan PTSP berbasis elekronik', 1237, 12374),
(12, '1237.04.051', 'Pemetaan urusan yang dapat dikerjasamakan', 1237, 12373),
(13, '1237.04.052', 'Asistensi dan supervisi pelaksanaan kerjasama', 1237, 12373),
(14, '1237.05.051', 'Pemetaan urusan yang dapat dikerjasamakan', 1237, 12373),
(15, '1237.05.052', 'Sinkronisasi potensi kerjasama di bidang ekonomi daerah', 1237, 12373),
(16, '1237.05.053', 'Asistensi dan supervisi kerjasama daerah di bidang ekonomi daerah', 1237, 12373),
(17, '1237.06.051', 'Sinkronisasi perencanaan program/ kegiatan Dekonsentrasi dan Tugas Pembantuan Kementerian/Lembaga', 1237, 12372),
(18, '1237.06.052', 'Monev kebijakan penyelenggaraan Dekonsentrasi dan Tugas Pembantuan di Daerah', 1237, 12372),
(19, '1237.06.053', 'Koordinasi pembinaan dan pengawasan Tugas Pembantuan di Daerah', 1237, 12372),
(20, '1237.07.051', 'Tugas dan wewenang yang dilaksanakan oleh Gubernur sebagai wakil pemerintah pusat (Dekonsentrasi)', 1237, 12371),
(21, '1237.07.054', 'Monitoring dan evaluasi pelaksanaan tugas dan wewenang Gubernur sebagai Wakil Pemerintah Pusat', 1237, 12371),
(22, '1237.07.055', 'Koordinasi nasional perangkat Gubernur sebagai Wakil Pemerintah Pusat', 1237, 12371),
(23, '1237.07.056', 'Penyusunan instrumen pelaksanaan korbinwas Gubernur sebagai Wakil Pemerintah Pusat di daerah', 1237, 12371),
(24, '1237.07.057', 'Peningkatan kapasitas aparatur perangkat Gubernur sebagai Wakil Pemerintah Pusat', 1237, 12371),
(25, '1237.12.051', 'Koordinasi Sekretariat Bersama pembinaan Gubernur sebagai Wakil Pemerintah Pusat', 1237, 12371),
(26, '1237.12.052', 'Asistensi kegiatan Dekonsentrasi Gubernur sebagai Wakil Pemerintah Pusat', 1237, 12371),
(27, '1237.70.055', 'Pelayanan umum, Pelayanan rumah tangga dan perlengkapan', 1237, 12372),
(28, '1238.01.051', 'Kebijakan tentang Standar Pelayanan dan Tata Cara Penyerahan Fasilitas Pelayanan Perkotaan', 1238, 12384),
(29, '1238.01.055', 'Kebijakan tentang Rencana Penyelenggaraan Pengelolaan Perkotaan', 1238, 12384),
(30, '1238.02.051', 'Penyusunan indeks pelayanan perkotaan', 1238, 12384),
(31, '1238.02.052', 'Asistensi penyelenggaraan pengelolaan perkotaan di kawasan perkotaan (Kota Baru Publik)', 1238, 12384),
(32, '1238.02.053', 'Asistensi penyelenggaraan pengelolaan perkotaan di kawasan perkotaan (Metropolitan)', 1238, 12384),
(33, '1238.05.051', 'Penyelesaian pembahasan isu kebijakan batas antar negara RI- Malaysia', 1238, 12385),
(34, '1238.05.052', 'Persidangan ke-43 Joint Indonesia-Malaysia (JIM)', 1238, 12385),
(35, '1238.05.053', 'Survey Investigation, Refixation, and Maintenance (Survey IRM) tanda batas internasional RI-Malaysia', 1238, 12385),
(36, '1238.05.054', 'Penyelesaian pembahasan permasalahan batas antar negara RI-PNG', 1238, 12385),
(37, '1238.05.055', 'Penyelesaian pembahasan permasalahan batas antar negara RI-RDTL', 1238, 12385),
(38, '1238.05.056', 'Asistensi pengelolaan Pulau-Pulau Kecil Terluar', 1238, 12385),
(39, '1238.05.057', 'Pemetaan indeks pemenuhan kebutuhan sarpras pemerintahan', 1238, 12385),
(40, '1238.06.051', 'Asistensi pengelolaan dan pengembangan Kawasan Ekonomi Khusus di Daerah', 1238, 12381),
(41, '1238.06.052', 'Supervisi pengelolaan dan pengembangan Kawasan Khusus Lingkup I', 1238, 12381),
(42, '1238.06.053', 'Bimbingan Teknis penyelenggaraan Kawasan Khusus', 1238, 12381),
(43, '1238.06.054', 'Sinkronisasi kebijakan Pusat dan Daerah dalam rangka sinergitas pengelolaan dan pengembangan Kawasan Khusus Lingkup II', 1238, 12382),
(44, '1238.06.055', 'Asistensi dan supervisi dalam penanganan permasalahan Kawasan Khusus Lingkup II', 1238, 12382),
(45, '1238.06.056', 'Evaluasi penyelenggaran pemerintahan bidang Kawasan Khusus Lingkup II', 1238, 12382),
(46, '1238.07.051', 'Asistensi penanganan masalah dan konflik pertanahan di daerah', 1238, 12383),
(47, '1238.07.053', 'Sosialisasi kebijakan Pemerintah di Bidang Pertanahan', 1238, 12383),
(48, '1238.07.054', 'Peningkatan kapasitas aparatur Pemda di Bidang Pertanahan', 1238, 12383),
(49, '1238.70.055', 'Pelayanan umum, pelayanan rumah tangga dan perlengkapan', 1238, 12383),
(50, '1239.01.051', 'Pemetaan dan analisis pemenuhan kebutuhan PPNS di daerah', 1239, 12394),
(51, '1239.01.052', 'Pemenuhan kebutuhan PPNS melalui fasilitasi pembentukan PPNS', 1239, 12394),
(52, '1239.02.051', 'Penyusunan Permendagri tentang Sistem Informasi Manajemen Polisi Pamong Praja', 1239, 12391),
(53, '1239.02.052', 'Penyusunan Permendagri tentang Logo, Bendera PATAKA dan Tata Upacara Satpol PP', 1239, 12391),
(54, '1239.02.055', 'Penyusunan Pedoman Penyelenggaraan Perlindungan Masyarakat', 1239, 12393),
(55, '1239.02.056', 'Penyusunan Kebijakan tentang Standardisasi Polisi Pamong Praja ', 1239, 12391),
(56, '1239.03.052', 'Pemetaan formasi Jabatan Fungsional di daerah', 1239, 12392),
(57, '1239.03.053', 'Koordinasi pengelolaan tim Penilai Angka Kredit dan Sekretariat Jabatan Fungsional Tingkat Provinsi', 1239, 12392),
(58, '1239.03.054', 'Pelaksanaan uji kompetensi kenaikan jabatan di daerah', 1239, 12392),
(59, '1239.03.056', 'Bimtek penilaian angka kredit', 1239, 12392),
(60, '1239.03.057', 'Asistensi dan supervisi pengelolaan Jabatan Fungsional', 1239, 12392),
(61, '1239.03.058', 'Sosialisasi kebijakan tentang Jabatan Fungsional Jafung Pol PP', 1239, 12392),
(62, '1239.03.059', 'Penyelenggaraan pertemuan dalam rangka koordinasi Sekretariat Bersama RANHAM 2020-2024 dan Pemerintah Provinsi serta fasilitasi konvensi Internasional', 1239, 12395),
(63, '1239.03.060', 'Asistensi dan supervisi pelaksanaan Aksi Hak Asasi Manusia di Daerah', 1239, 12395),
(64, '1239.03.061', 'Bimbingan Teknis pelayanan publik berbasis HAM bagi camat ', 1239, 12395),
(65, '1239.03.062', 'Supervisi penegakan Peraturan Daerah yang berprespektif HAM', 1239, 12395),
(66, '1239.03.063', 'Sosialisasi Kebijakan tentang Penghargaan Bagi Satuan Polisi Pamong Praja ', 1239, 12395),
(67, '1239.03.064', 'Bimtek bagi PPNS dalam penyusunan rencana operasi Penegakan Perda dan proses pemberkasan acara singkat', 1239, 12394),
(68, '1239.03.065', 'Penyusunan instrumen perangkat uji Satpol PP', 1239, 12392),
(69, '1239.04.051', 'Pendataan aspek penerapan SPM Sub Bidang Trantibum', 1239, 12391),
(70, '1239.04.052', 'Bimtek penerapan standar teknis mutu pelayanan dasar sub urusan ketenteraman dan ketertiban umum di Provinsi dan Kabupaten/Kota', 1239, 12391),
(71, '1239.04.053', 'Asistensi dan supevisi penerapan SPM Sub Bidang Trantibum', 1239, 12391),
(72, '1239.05.052', 'Asistensi dan supervisi penyelenggaraan perlindungan masyarakat', 1239, 12393),
(73, '1239.05.053', 'Supervisi penyelenggaraan Trantibumlinmas dalam rangka Pilkada Serentak 2020', 1239, 12393),
(74, '1239.05.054', 'Sosialisasi Permendagri Bidang Perlindungan Masyarakat', 1239, 12393),
(75, '1239.05.055', 'Pemuktahiran data Satlinmas', 1239, 12393),
(76, '1239.05.056', 'Koordinasi kerjasama Internasional Bidang Perlindungan Masyarakat pada International Civil Defence Organisation', 1239, 12393),
(77, '1239.06.051', 'Penyusunan variabel ketertiban umum dan perlindungan masyarakat', 1239, 12391),
(78, '1239.06.052', 'Koordinasi nasional Satuan Polisi Pamong Praja', 1239, 12391),
(79, '1239.06.053', 'Asistensi dan supervisi pelaksanaan Trantibum dalam rangka penyelenggaran Trantibum', 1239, 12391),
(80, '1239.07.051', 'Pendataan dan asistensi pelaksanaan penegakan Peraturan Daerah', 1239, 12394),
(81, '1239.07.052', 'Supervisi penyelenggaraan penegakan Perda yang memiliki sanksi pidana oleh PPNS', 1239, 12394),
(82, '1239.07.053', 'Sosialisasi Permendagri Nomor 3 Tahun 2019 tentang PPNS di Lingkungan Pemda', 1239, 12394),
(83, '1239.08.051', 'Pemetaan standarisasi sarana dan prasarana Satpol PP di daerah', 1239, 12391),
(84, '1239.08.052', 'Asistensi pemenuhan standarisasi sarana prasarana dalam penegakan Perda dan penyelenggaraan Trantibum', 1239, 12391),
(85, '1239.70.055', 'Pelayanan umum, pelayanan rumah tangga dan perlengkapan', 1239, 12394),
(86, '1240.01.051', 'Penyusunan instrumen kebijakan penerapan SPM Sub-Urusan Bencana daerah Kabupaten/Kota', 1240, 12401),
(87, '1240.01.052', 'Asistensi dan supervisi penerapan SPM Sub Urusan Bencana', 1240, 12401),
(88, '1240.01.053', 'Bimbingan teknis mekanisme penyusunan program/ kegiatan berbasis SPM Sub Urusan Bencana', 1240, 12401),
(89, '1240.01.054', 'Pengembangan portal sistem informasi penanggulangan bencana', 1240, 12401),
(90, '1240.01.055', 'Peningkatan kapasitas aparatur dalam pengintegrasian dokumen penanggulangan bencana', 1240, 12401),
(91, '1240.02.051', 'Bimbingan Teknis penerapan SPM Sub Urusan Kebakaran di Daerah', 1240, 12404),
(92, '1240.02.052', 'Asistensi dan supervisi penerapan SPM Sub Urusan Kebakaran di Daerah', 1240, 12404),
(93, '1240.02.053', 'Fasilitasi peningkatan kapasitas Pemerintah Provinsi dalam penerapan SPM Sub Urusan Kebakaran', 1240, 12404),
(94, '1240.02.055', 'Pemantapan Kesiapsiagaan Nasional Aparatur Pemadam Kebakaran', 1240, 12404),
(95, '1240.03.051', 'Pemetaan dan identifikasi kapasitas Sumber Daya Pemadam Kebakaran', 1240, 12405),
(96, '1240.03.052', 'Kesiapsiagaan aparatur Pemadam kebakaran tingkat nasional melalui Skill Competition', 1240, 12405),
(97, '1240.03.054', 'Sosialisasi implementasi Jabatan fungsional pelaksanaan sub urusan kebakaran dan penyelamatan', 1240, 12405),
(98, '1240.05.051', 'Penyusunan Panduan Peningkatan Kapasitas Sumber Daya Pemadam Kebakaran', 1240, 12405),
(99, '1240.05.052', 'Penyusunan Permendagri terkait Instrumen Kelengkapan Pelaksanaan Jabatan Fungsional Kebakaran dan Penyelamatan', 1240, 12405),
(100, '1240.05.054', 'Rancangan Permendagri tentang Pedoman Kompetensi Perangkat Daerah Penyelenggara Sub Urusan Kebakaran dan Penyelamatan', 1240, 12405),
(101, '1240.05.055', 'Rancangan Permendagri tentang Standar Operasional Prosedur (SOP) Investigasi Kejadian Kebakaran', 1240, 12405),
(102, '1240.05.057', 'Penyusunan Naskah Akademis Pembentukan Jabatan Fungsional Analis Penyelamatan Kebakaran pada Instansi Pusat', 1240, 12405),
(103, '1240.05.058', 'Penyusunan Permendagri Tentang Formasi Jabatan Fungsional urusan kebakaran', 1240, 12405),
(104, '1240.05.059', 'Pedoman Penetapan Jumlah Aparatur dan Sarana Prasarana Pemadam Kebakaran', 1240, 12404),
(105, '1240.05.060', 'Penyusunan Naskah Akademis RUU Kebakaran dan Penyelamatan', 1240, 12404),
(106, '1240.05.061', 'Penyusunan Pedoman terkait Kriteria Teknis Rawan Kebakaran Permukiman dan Rencana Induk Sistem Proteksi Kebakaran', 1240, 12404),
(107, '1240.06.051', 'Identifikasi dan kualfikasi daerah yang melaksanakan penanggulangan bencana', 1240, 12403),
(108, '1240.06.052', 'Evaluasi penyelenggaraan tanggap darurat dan pasca bencana', 1240, 12403),
(109, '1240.06.053', 'Asistensi dan supervisi kelembagaan penanggulangan bencana', 1240, 12403),
(110, '1240.06.054', 'Monitoring dan pendampingan penyelenggaraan Pemerintahan saat Tanggap Darurat dan Pasca Bencana', 1240, 12403),
(111, '1240.06.055', 'Pengintegrasian data informasi terkait kebencanaan terpadu lintas sektor di daerah', 1240, 12402),
(112, '1240.06.056', 'Pemanfaatan sarana prasarana sistem informasi kebencanaan ', 1240, 12402),
(113, '1240.07.051', 'Penyusunan Standar Pelayanan Damkar di Daerah', 1240, 12404),
(114, '1240.70.055', 'Pelayanan umum, pelayanan rumah tangga dan perlengkapan', 1240, 12402),
(115, '1241.01.051', 'Penyusunan Permendagri Kode dan Data Wilayah Administrasi Pemerintahan', 1241, 12414),
(116, '1241.02.051', 'Penyelenggaraan verifikasi terhadap unsur rupabumi', 1241, 12414),
(117, '1241.02.052', 'Supervisi kegiatan pembakuan nama rupabumi', 1241, 12414),
(118, '1241.02.053', 'Penyusunan pokok pikiran (naskah) hubungan Pusat dan Daerah dalam pemberian nama dan Rupabumi', 1241, 12415),
(119, '1241.03.051', 'Penyelesaian Segmen Batas Daerah', 1241, 12411),
(120, '1241.05.051', 'Pemutakhiran kode dan data wilayah administrasi pemerintahan', 1241, 12414),
(121, '1241.06.051', 'Pembuatan peta batas daerah secara kartometrik', 1241, 12411),
(122, '1241.06.052', 'Penyelesaian perselisihan segmen batas antar daerah', 1241, 12411),
(123, '1241.06.053', 'Penyusunan rumusan kebijakan tentang Batas Daerah', 1241, 12411),
(124, '1241.70.055', 'Pelayanan umum, pelayanan rumah tangga dan perlengkapan', 1241, 12412),
(125, '1242.01.051', 'Sosialisasi kebijakan bidang administrasi kewilayahan', 1242, 12424),
(126, '1242.01.052', 'Penyusunan kegiatan strategis penyelenggaraan pembinaan wilayah', 1242, 12421),
(127, '1242.01.053', 'Penyelenggaraan sinergitas bidang pembinaan administrasi kewilayahan', 1242, 12421),
(128, '1242.01.054', 'Koordinasi dan dukungan dlm rgk Penguatan Kebijakan penyelenggaraan pembinaan wilayah', 1242, 12421),
(129, '1242.90.051', 'Persiapan', 1242, 12421),
(130, '1242.90.052', 'Pelaksanaan ', 1242, 12421),
(131, '1242.90.053', 'Pelaporan', 1242, 12421),
(132, '1242.91.051', 'Persiapan', 1242, 12421),
(133, '1242.91.052', 'Pelaksanaan ', 1242, 12421),
(134, '1242.91.053', 'Pelaporan', 1242, 12421),
(135, '1242.50.051', 'Penyusunan rencana program dan rencana anggaran', 1242, 12421),
(136, '1242.50.052', 'Pelaksanaan pemantauan dan evaluasi', 1242, 12421),
(137, '1242.50.053', 'Pengelolaan data dan informasi', 1242, 12421),
(138, '1242.50.054', 'Pengelolaan keuangan', 1242, 12422),
(139, '1242.50.055', 'Pengelolaan perbendaharaan', 1242, 12422),
(140, '1242.50.056', 'Pelayanan hukum', 1242, 12423),
(141, '1242.50.057', 'Pengelolaan kepegawaian', 1242, 12424),
(142, '1242.50.058', 'Pelayanan umum dan perlengkapan', 1242, 12424),
(143, '1242.50.060', 'Pelayanan humas dan protokoler', 1242, 12421),
(144, '1242.50.061', 'Pelayanan organisasi, tatalaksana, dan reformasi birokrasi', 1242, 12421),
(145, '1242.51.051', 'Pengadaan kendaraan bermotor', 1242, 12424),
(146, '1242.51.052', 'Pengadaan perangkat pengolah data dan komunikasi', 1242, 12424),
(147, '1242.51.053', 'Pengadaan peralatan fasilitas perkantoran', 1242, 12424),
(148, '1242.94.051', 'Gaji dan Tunjangan', 1242, 12422),
(149, '1242.94.052', 'Operasional dan Pemeliharaan Kantor', 1242, 12422),
(1053, '1237.01.PBL.001.051', 'Dekonsentrasi Peningkatan Peran Gubernur Sebagai Wakil Pemerintah Pusat', 1237, 12371),
(1054, '1237.01.PBL.001.060', 'Asistensi penyelenggaraan Dekonsentrasi Peran Gubernur sebagai Wakil Pemerintah Pusat', 1237, 12371),
(1055, '1237.01.PBL.001.061', 'Evaluasi pelaksanaan kebijakan penyelenggaraan DKTP di daerah', 1237, 12372),
(1056, '1237.01.PBL.001.062', 'Asistensi pelaksanaan Binwas TP kab/kota oleh GWPP', 1237, 12372),
(1057, '1237.01.PBL.001.063', 'Evaluasi program dan kegiatan kelurahan yang bersumber dari DAU tambahan', 1237, 12375),
(1058, '1237.01.PBL.001.064', 'Penyusunan Indeks tata kelola penyelenggaraan kewilayahan', 1237, 12372),
(1059, '1237.01.PEC.015.051', 'Asistensi implementasi Kerja Sama pada Daerah Prioritas Pariwisata (DPP)', 1237, 12373),
(1060, '1237.01.PFA.001.051	', 'Penyusunan Kebijakan terkait Gubernur sebagai wakil pemerintah pusat', 1237, 12371),
(1061, '1237.01.PFA.002.051', 'Penyusunan kebijakan penyelenggaraan PTSP', 1237, 12374),
(1062, '1237.01.UAB.001.051', 'Pembangunan sistem informasi pelaporan Gubernur sebagai Wakil Pemerintah', 1237, 12371),
(1063, '1237.01.UAB.002.051', 'Updating data dan pemeliharaan sistem aplikasi E Monev PTSP', 1237, 12374),
(1064, '1237.01.UAE.001.051	', 'Sekretariat Bersama Pembinaan Gubernur sebagai Wakil Pemerintah Pusat', 1237, 12371),
(1065, '1237.01.UAE.001.052	', 'Monitoring dan Evaluasi Pelaksanaan Tugas dan Wewenang Gubernur sebagai Wakil Pemerintah Pusat', 1237, 12371),
(1066, '1237.01.UAE.001.053', 'Penyusunan Instrumen Pelaksanaan Tugas dan Wewenang, instrumen penilaian indeks Gubernur sebagai Wakil Pemerintah Pusat di Daerah serta pelaksanaan penilaian Indeks Kinerja Gubernur sebagai Wakil Peme', 1237, 12371),
(1067, '1237.01.UAE.001.054', 'Koordinasi Nasional Perangkat Gubernur sebagai Wakil Pemerintah Pusat', 1237, 12371),
(1068, '1237.01.UBA.001.051', 'Pilot Project Inovasi Pelayanan Terpadu di Kecamatan', 1237, 12375),
(1069, '1237.01.UBA.001.052', 'Supervisi Pelimpahan Kewenangan kepada Camat dalam Mendukung Inovasi Pelayanan Terpadu di Kecamatan', 1237, 12375),
(1070, '1237.01.UBA.001.053', 'Evaluasi Kinerja Kecamatan', 1237, 12375),
(1071, '1237.01.UBA.001.054', 'Perumusan Jabatan Fungsional di Kecamatan', 1237, 12375),
(1072, '1237.01.UBA.001.055', 'Gerakan kelurahan produktif dan aman COVID-19', 1237, 12375),
(1073, '1237.01.UBA.002.051', 'Pemetaan urusan yang dapat dikerjasamakan', 1237, 12373),
(1074, '1237.01.UBA.002.052', 'Sinkronisasi potensi daerah yang dapat dikerjasamakan', 1237, 12373),
(1075, '1237.01.UBA.002.053', 'Asistensi inisiasi kesepakatan kerja sama daerah dalam rangka mendorong pertumbuhan ekonomi sesuai potensi daerah', 1237, 12373),
(1076, '1237.01.UBA.003.051', 'Asistensi penguatan peran dan fungsi TKKSD dalam proses perencanaan dan implementasi kerja sama daerah', 1237, 12373),
(1077, '1237.01.UBA.004.051	', 'Pemetaan potensi kerjasama daerah dalam peningkatan daya saing daerah malalui pengembangan ekonomi', 1237, 12373),
(1078, '1237.01.UBA.004.052', 'Asistensi peningkatan daya saing daerah melalui kerjasama di bidang ekonomi', 1237, 12373),
(1079, '1237.01.UBA.004.053', 'Sinkronisasi kebijakan dan program/kegiatan DKTP K/L dalam mendukung pengembangan ekonomi daerah', 1237, 12372),
(1080, '1237.01.UBA.005.051', 'Inisiasi perjanjian kerja sama yang diintegrasikan ke dalam dokumen perencanaan penganggaran', 1237, 12373),
(1081, '1237.01.UBA.005.052', 'Assistensi pengintegrasian kerjasama ke dalam dokumen perencanaan dan anggaran', 1237, 12373),
(1082, '1237.01.UBA.005.053', 'Koordinasi dan Evaluasi dalam rangka hubungan pusat dan daerah serta kerja sama daerah', 1237, 12373),
(1083, '1237.01.UBA.006.051', 'Koordinasi Dan Supervisi PTSP Berbasis Elektronik', 1237, 12374),
(1084, '1237.01.UBA.006.053', 'Bimbingan Teknis Penyelengaraan PTSP Berbasis Elektronik', 1237, 12374),
(1085, '1237.01.UBA.006.054', 'Koordinasi dan Supervisi Pendelegasian kewenangan Perizinan kepada PTSP', 1237, 12374),
(1086, '1237.01.UBA.006.055', 'Koordinasi pembentukan JFT Pranata Perizinan', 1237, 12374),
(1087, '1241.01.AAG.001.051', 'Penyusunan Permendagri Kode dan Data Wilayah Administrasi Pemerintahan', 1241, 12414),
(1088, '1241.01.AAG.002.051', 'Revisi Permendagri tentang Pedoman Pemberian Nama Daerah, Pemberian Nama Ibu Kota, Perubahan Nama Daerah, Perubahan Nama Ibu Kota dan Pemindahan Ibu Kota', 1241, 12415),
(1089, '1241.01.AAH.001.051', 'Pengukuran Indeks Pelayanan Perkotaan', 1238, 12384),
(1090, '1241.01.AAH.001.052', 'Penyusunan Basis Data Pelayanan Perkotaan', 1238, 12384),
(1091, '1241.01.AAH.002.051', 'Penyusunan Kepmendagri tentang Petunjuk Teknis Pemberian Kode dan Data Wilayah Administrasi Pemerintahan', 1241, 12414),
(1092, '1241.01.ABL.001.051	', 'Verifikasi kode dan data wilayah administrasi pemerintahan', 1241, 12414),
(1093, '1241.01.ABL.001.051	', 'Verifikasi kode dan data wilayah administrasi pemerintahan', 1241, 12415),
(1094, '1241.01.ABL.002.051', 'Pembuatan peta batas daerah secara kartometrik', 1241, 12411),
(1095, '1241.01.ABL.002.051', 'Pembuatan peta batas daerah secara kartometrik', 1241, 12412),
(1096, '1241.01.ABL.002.051', 'Pembuatan peta batas daerah secara kartometrik', 1241, 12413),
(1097, '1241.01.ABL.002.052', 'Penyelesaian perselisihan segmen batas antar daerah', 1241, 12411),
(1098, '1241.01.ABL.002.052', 'Penyelesaian perselisihan segmen batas antar daerah', 1241, 12412),
(1099, '1241.01.ABL.002.052', 'Penyelesaian perselisihan segmen batas antar daerah', 1241, 12413),
(1100, '1241.01.ABL.002.053', 'Penyusunan Rumusan Kebijakan tentang Batas Daerah', 1241, 12411),
(1101, '1241.01.ABL.002.053', 'Penyusunan Rumusan Kebijakan tentang Batas Daerah', 1241, 12412),
(1102, '1241.01.ABL.002.053', 'Penyusunan Rumusan Kebijakan tentang Batas Daerah', 1241, 12413),
(1103, '1241.01.ABL.002.054', 'Monitoring dan evaluasi penyelesaian segmen batas daerah', 1241, 12412),
(1104, '1241.01.CAI.001.051', 'Pembangunan Sarana Prasarana Pemerintahan di Kawasan Perbatasan Antar Negara dan PPKT', 1238, 12385),
(1105, '1241.01.CAI.001.052', 'Asistensi Pembangunan Sarana Prasarana Pemerintahan di Kawasan Perbatasan Antar Negara dan PPKT', 1238, 12385),
(1106, '1241.01.FBA.001.051', 'Penyelesaian Segmen Batas Daerah', 1241, 12411),
(1107, '1241.01.FBA.001.051', 'Penyelesaian Segmen Batas Daerah', 1241, 12412),
(1108, '1241.01.FBA.001.051', 'Penyelesaian Segmen Batas Daerah', 1241, 12413),
(1109, '1241.01.FBA.002.051', 'Penyelenggaraan Verifikasi terhadap unsur Rupabumi', 1241, 12414),
(1110, '1241.01.FBA.002.051', 'Penyelenggaraan Verifikasi terhadap unsur Rupabumi', 1241, 12415),
(1111, '1241.01.FBA.002.052', 'Supervisi Kegiatan Pembakuan Nama Rupabumi', 1241, 12414),
(1112, '1241.01.FBA.002.052', 'Supervisi Kegiatan Pembakuan Nama Rupabumi', 1241, 12415),
(1113, '1241.01.FBA.003.051', 'Penguatan Kelembagaan Dewan Kawasan dalam Pengelolaan dan Pengembangan Kawasan Ekonomi Khusus', 1238, 12381),
(1114, '1241.01.FBA.003.052', 'Supervisi Pengelolaan dan Pengembangan Kawasan Khusus Lingkup I', 1238, 12381),
(1115, '1241.01.FBA.003.053', 'Dukungan Hari Nusantara', 1238, 12381),
(1116, '1241.01.FBA.003.054', 'Sinkronisasi Kebijakan Pusat dan Daerah Dalam Rangka Sinergitas Penyelenggaraan Kawasan Khusus Lingkup II', 1238, 12382),
(1117, '1241.01.FBA.003.055', 'Asistensi dan Supervisi Penanganan Permasalahan Kawasan Khusus Lingkup II', 1238, 12382),
(1118, '1241.01.FBA.003.056', 'Peningkatan kapasitas kelembagaan pemerintah daerah dalam pengelolaan kawasan lingkup II', 1238, 12382),
(1119, '1241.01.FBA.004.051', 'Fasilitasi Penanganan Masalah dan Konflik Pertanahan di Daerah', 1238, 12383),
(1120, '1241.01.FBA.004.052', 'Asistensi Pengadaan Tanah Bagi Pembangunan untuk Kepentingan Umum', 1238, 12383),
(1121, '1241.01.FBA.004.053', 'Monitoring dan Evaluasi Pelaksanaan Kebijakan Pemerintah di Bidang Pertanahan', 1238, 12383),
(1122, '1241.01.PEC.001.051', 'Penyelesaian Pembahasan Isu Kebijakan Batas Antar Negara RI-Malaysia', 1238, 12385),
(1123, '1241.01.PEC.001.052', 'Persidangan ke-45 Joint Indonesia-Malaysia (JIM)', 1238, 12385),
(1124, '1241.01.PEC.001.053', 'Penyelesaian Pembahasan Permasalahan Batas Negara RI-PNG', 1238, 12385),
(1125, '1241.01.PEC.001.054', 'Penyelesaian Pembahasan Permasalahan Batas Negara RI-RDTL', 1238, 12385),
(1126, '1241.01.PEC.001.055', 'Survey Penyelesaian Outstanding Boundary Problems (OBP) RI-Malaysia di Sektor Timur', 1238, 12385),
(1127, '1241.01.PEC.001.056', 'Survey Investigation, Refixation and Maintenance (IRM) RI-Malaysia', 1238, 12385),
(1128, '1241.01.PEC.001.057', 'Monitoring dan evaluasi penyelenggaraan pemerintahan di Kawasan perbatasan', 1238, 12385),
(1129, '1241.01.UBA.001.051', 'Asistensi Kesepakatan/Perjanjian Kerja Sama dalam Penyelesaian Permasalahan Pelayanan Publik di Wilayah Metropolitan Mebidangro (Kota Medan, Kota Binjai, Kabupaten Deli Serdang, dan Kabupaten Karo)', 1238, 12384),
(1130, '1241.01.UBA.001.052', 'Asistensi Kesepakatan/Perjanjian Kerja Sama dalam Penyelesaian Permasalahan Pelayanan Publik di Wilayah Metropolitan Cekungan Bandung (Kota Bandung, Kota Cimahi, Kabupaten Bandung, Kabupaten Bandung B', 1238, 12384),
(1131, '1241.01.UBA.001.051', 'Asistensi Kesepakatan/Perjanjian Kerja Sama dalam Penyelesaian Permasalahan Pelayanan Publik di Wilayah Metropolitan Mamminasata (Makassar, Maros, Gowa dan Takalar)', 1238, 12384),
(1132, '6136.03.AAG.001.051	', 'Penyusunan Permendagri tentang pakaian Dinas BPBD', 1240, 12402),
(1133, '6136.03.AAG.002.051	', 'Penyusunan Kebijakan tentang Standar Operasional Prosedur Kebakaran dan Penyelamatan di Daerah', 1240, 12405),
(1134, '6136.03.AAG.003.051	', 'Penyusunan Kebijakan tentang Formasi Aparatur Pemadam Kebakaran dan Penyelamatan di Daerah', 1240, 12405),
(1135, '6136.03.AAG.004.051	', 'Penyusunan permendagri tentang Logo Bendera Pataka dan Tata Upacara Satpol PP', 1239, 12391),
(1136, '6136.03.AAG.005.051	', 'Penyusunan permendagri tentang sistem informasi manajemen polisi pamong praja', 1239, 12391),
(1137, '6136.03.AAG.006.051	', 'Penyusunan Permendagri tentang Pakaian Dinas,Sarana dan Prasarana aparatur dan anggota Satlinmas', 1239, 12393),
(1138, '6136.03.ABQ.001.051', 'Fasilitasi penyusunan Perpres Tunjangan Jabatan Fungsional Pemadam kebakaran dan jabatan fungsional analis kebakaran', 1240, 12405),
(1139, '6136.03.AFA.001.051', 'Penyusunan Pedoman Rencana Umum Pencegahan, Penanggulangan Kebakaran, dan Penyelamatan', 1240, 12404),
(1140, '6136.03.AFA.002.051', 'Penyusunan Juknis SOP Penegakan Perda/Perkada dan Penyelenggaraan Tibumtranmas', 1239, 12391),
(1141, '6136.03.AFA.003.051', 'Penyusunan Pedoman Tentang Penyelenggaraan Perlindungan Masyarakat', 1239, 12393),
(1142, '6136.03.AFA.004.051', 'Penyusunan kebijakan tentang standardisasi polisi pamong praja', 1239, 12392),
(1143, '6136.03.AFA.005.051', 'Penyusunan Indeks penyelenggaraan trantibumlinmas dan indeks kepuasan masyarakat', 1240, 12402),
(1144, '6136.03.BEG.001.051', 'Bantuan Sarpras Bencana', 1240, 12402),
(1145, '6136.03.BEG.001.052', 'Bantuan Sarpras Pemadam Kebakaran', 1240, 12404),
(1146, '6136.03.BEG.002.051', 'Bantuan Sarana dan Prasarana Satpol PP Dalam Rangka Implementasi Mutu Pelayanan Dasar Sub Urusan Trantibum Sesuai Standar', 1239, 12391),
(1147, '6136.03.BEG.002.052', 'Pendataan dan asistensi pemenuhan Sarana dan Prasarana Satpol PP di Daerah Sesuai Permendagri Nomor 17 Tahun 2019', 1239, 12391),
(1148, '6136.03.FBA.001.051', 'Asistensi manajemen pengelolaan PPNS di daerah', 1239, 12394),
(1149, '6136.03.FBA.001.052', 'Pemetaan SDM Anggota Satlinmas Sesuai Standar', 1239, 12393),
(1150, '6136.03.FBA.001.053', 'Asistensi dan Supervisi Implementasi SOP dan Kode Etik Satpol PP di Daerah', 1239, 12391),
(1151, '6136.03.FBA.001.054', 'Asistensi penyusunan kebutuhan, rencana peningkatan kompetensi dan pembinaan karier Satpol PP', 1239, 12392),
(1152, '6136.03.FBA.002.051', 'Pemenuhan Kebutuhan PPNS melalui pelaksanaan Diklat PPNS', 1239, 12394),
(1153, '6136.03.FBA.002.052', 'Pemetaan dan asistensi pemenuhan Kebutuhan PPNS di Satpol PP', 1239, 12394),
(1154, '6136.03.FBA.003.051', 'Asistensi penyelenggaraan penegakan Perda dan Perkada yang memuat sanksi pidana', 1239, 12394),
(1155, '6136.03.FBA.003.052', 'Pendataan dan evaluasi pelaksanaan penegakan Perda dan Perkada', 1239, 12394),
(1156, '6136.03.FBA.003.053', 'Supervisi penyelenggaraan Penegakan Perda dan Perkada yang Berspektif HAM', 1239, 12395),
(1157, '6136.03.FBA.003.054', 'Asistensi Pelaksanaan Aksi Hak Asasi Manusia di Daerah', 1239, 12395),
(1158, '6136.03.FBA.003.055', 'Penyelenggaraan Pertemuan Dalam Rangka Koordinasi Sekretariat Bersama RANHAM 2020-2024 dan Pemerintah Provinsi serta Fasilitasi Konvensi Internasional', 1239, 12395),
(1159, '6136.03.FBA.004.051', 'Penyusunan variabel ketertiban umum dan perlindungan masyarakat', 1239, 12391),
(1160, '6136.03.FBA.004.052', 'Asistensi Penerapan Penggunaan Pakaian Dinas, Atribut dan Kelengkapan Satpol PP', 1239, 12391),
(1161, '6136.03.FBA.004.053', 'Pemberian Penghargaan Bagi Kepala Daerah dan Satuan Polisi Pamong Praja', 1239, 12395),
(1162, '6136.03.FBA.004.054', 'Pemeliharaan dan Pengembangan Sistem Informasi Pol PP', 1239, 12391),
(1163, '6136.03.FBA.005.051', 'Asistensi Penyelenggaraan Perlindungan Masyarakat', 1239, 12393),
(1164, '6136.03.FBA.005.052', 'Peningkatan Kapasitas Aparatur yang membidangi LINMAS dalam Penyelenggaraan Perlindungan Masyarakat di Daerah', 1239, 12393),
(1165, '6136.03.FBA.005.051', 'Koordinasi Kerja Sama Internasional Bidang Perlindungan Masyarakat pada International Civil Defence Organisation', 1239, 12393),
(1166, '6136.03.UBA.001.051	', 'Asistensi dan Supervisi Penerapan SPM Sub-Urusan Bencana', 1240, 12401),
(1167, '6136.03.UBA.001.052', 'Sinkronisasi perencanaan program dan kegiatan SPM Sub-Urusan Bencana', 1240, 12401),
(1168, '6136.03.UBA.001.053', 'Bimtek pengintegrasian dokumen penanggulangan bencana ke dalam dokumen perencanaan dan pembangunan daerah', 1240, 12401),
(1169, '6136.03.UBA.001.054', 'Gladi Tangguh relawan bencana', 1240, 12402),
(1170, '6136.03.UBA.002.051	', 'Asistensi dan Supervisi Penerapan SPM Sub Urusan Kebakaran di Daerah', 1240, 12404),
(1171, '6136.03.UBA.002.052', 'Sosialisasi dan Fasilitasi Pembentukan Relawan Pemadam Kebakaran (REDKAR)', 1240, 12404),
(1172, '6136.03.UBA.002.053', 'Peringatan HUT Pemadam Kebakaran dan Penyelamatan Ke-102', 1240, 12404),
(1173, '6136.03.UBA.002.054', 'Sosialisasi layanan bidang kebakaran dan penyelamatan di Daerah', 1240, 12405),
(1174, '6136.03.UBA.002.055', 'Asistensi penyusunan SOP layanan bidang kebakaran dan penyelamatan di Daerah', 1240, 12405),
(1175, '6136.03.UBA.002.056', 'Bimbingan Teknis Penyusunan Dokumen Perencanaan dan Anggaran SPM Sub Urusan Kebakaran', 1240, 12404),
(1176, '6136.03.UBA.003.051	', 'Asistensi dan Supervisi Penerapan SPM Sub Urusan Trantibum', 1239, 12391),
(1177, '6136.03.UBA.003.052', 'Bimtek Penerapan Standar Teknis Mutu Layanan Dasar Sub Urusan Trantibum di Provinsi dan Kabupaten/Kota', 1239, 12391),
(1178, '6136.03.UBA.003.053', 'Peningkatan Kapasitas SDM Pol PP Dalam Rangka Mendukung Pencapaian Mutu SPM Sub Urusan Trantibum', 1239, 12392),
(1179, '6136.03.UBA.003.054', 'Peningkatan Kapasitas SDM PPNS Dalam Rangka Mendukung Pencapaian Mutu SPM Sub Urusan Trantibum', 1239, 12394),
(1180, '6136.03.UBA.003.055', 'Peningkatan Kapasitas SDM Aparatur LINMAS Dalam Rangka Mendukung Pencapaian Mutu SPM Sub Urusan Trantibum', 1239, 12393),
(1181, '6136.03.UBA.003.056', 'Koordinasi Nasional Pol PP Dalam Rangka Mewujudkan pencapaian SPM dan Penyelenggaraan Trantibum (HUT Satpol)', 1239, 12391),
(1182, '6136.03.UBA.003.057', 'Monitoring dan evaluasi penyelenggaraan SPM', 1239, 12394),
(1183, '6136.03.UBA.004.051	', 'Bimtek pengintegrasian dan pengarusutamaan pengurangan risiko bencana ke dalam dokumen perencanaan daerah', 1240, 12401),
(1184, '6136.03.UBA.004.052', 'Koordinasi nasional penanggulangan bencana dalam rangka pengurangan risiko bencana', 1240, 12402),
(1185, '6136.03.UBA.004.053', 'Pembangunan sistem informasi penilaian Indeks penyelenggaraan trantibumlinmas sub urusan bencana dan sub urusan kebakaran', 1240, 12402),
(1186, '6136.03.UBA.004.054', 'Monitoring dan evaluasi penyelenggaraan pengurangan risiko bencana', 1240, 12402),
(1187, '6136.03.UBA.005.051	', 'Monitoring dan pendampingan penyelenggaraan Pemerintahan saat Tanggap Darurat dan Pasca Bencana', 1240, 12403),
(1188, '6136.03.UBA.005.052', 'Asistensi dan supervisi pelaksanaan pelayanan Pemerintahan pada saat tanggap darurat dan pasca bencana sesuai standar di daerah', 1240, 12403),
(1189, '6136.03.UBA.005.053', 'Gerakan perubahan perilaku sadar penerapan tatanan baru COVID-19', 1240, 12403),
(1190, '6137.01.ABL.051.051', 'Koordinasi pembentukan JFT Pamong Kewilayahan', 1241, 12412),
(1191, '6137.01.ABL.052.051', 'Koordinasi pembentukan JFT Pranata Trantibumlinmas', 1239, 12391),
(1192, '6137.01.FAB.001.051', 'Pengembangan dan Pengintegrasian data Jafung Pol PP melalui Sistem Informasi Manajemen (SIM) Jafung Pol PP', 1239, 12392),
(1193, '6137.01.FAC.001.051', 'Asistensi Kenaikan Jenjang', 1239, 12392),
(1194, '6137.01.FAC.001.052', 'Penyusunan instrumen soal-soal Uji', 1239, 12392),
(1195, '6137.01.FAC.001.053', 'Pembinaan dan Pengelolaan Jabatan Fungsional Pol PP	', 1239, 12392),
(1196, '6137.01.FAC.001.054', 'Bimbingan Teknis penilai Angka Kredit', 1239, 12392),
(1197, '6137.01.FAC.002.051', 'Kesiapsiagaan aparatur Pemadam kebakaran tingkat nasional melalui Skill Competition', 1240, 12405),
(1198, '6137.01.FAC.002.051', 'Asistensi kebutuhan pengembangan kapasitas aparatur pemadam kebakaran di Daerah', 1240, 12405),
(1199, '6137.01.FAC.002.051', 'Sosialisasi peraturan pelaksanaan jabatan fungsional pemadam kebakaran dan analis kebakaran', 1240, 12405),
(1200, '6137.01.FAC.002.051', 'Asistensi penerapan jabatan fungsional pemadam kebakaran dan jabatan fungsional analis kebakaran', 1240, 12405),
(1201, '6103.01.EAG.001.051', 'Pengelolaan Pelayanan Hukum', 1242, 12423),
(1202, '6104.01.EAA.994.001', 'Gaji dan Tunjangan', 1242, 12422),
(1203, '6104.01.EAA.994.002', 'Operasional dan Pemeliharaan Kantor', 1242, 12422),
(1204, '6104.01.EAA.994.002', 'Operasional dan Pemeliharaan Kantor', 1242, 12424),
(1205, '6104.01.EAB.001.051', 'Persiapan Dokumen Rencana Kerja dan Anggaran (RKA) Satker Eselon I Tanpa Satker Vertikal', 1242, 12421),
(1206, '6104.01.EAB.001.052', 'Pelaksanaan Dokumen Rencana Kerja dan Anggaran (RKA) Satker Eselon I Tanpa Satker Vertikal', 1242, 12421),
(1207, '6104.01.EAB.001.053', 'Pelaporan Dokumen Rencana Kerja dan Anggaran (RKA) Satker Eselon I Tanpa Satker Vertikal', 1242, 12421),
(1208, '6104.01.EAB.002.051', 'Persiapan Dokumen LAKIN Satker Eselon I tanpa Satker Vertikal', 1242, 12421),
(1209, '6104.01.EAB.002.052', 'Pelaksanaan Dokumen LAKIN Satker Eselon I tanpa Satker Vertikal', 1242, 12421),
(1210, '6104.01.EAB.002.053', 'Pelaporan Dokumen LAKIN Satker Eselon I tanpa Satker Vertikal', 1242, 12421),
(1211, '6104.01.EAB.003.051', 'Perencanaan Program', 1242, 12421),
(1212, '6104.01.EAB.003.052', 'Perencanaan Anggaran', 1242, 12421),
(1213, '6104.01.EAB.004.051', 'Pengelolaan Keuangan', 1242, 12422),
(1214, '6104.01.EAB.004.051', 'Pengelolaan Perbendaharaan', 1242, 12422),
(1215, '6104.01.EAC.001.051', 'Pelayanan Umum dan Perlengkapan', 1242, 12424),
(1216, '6104.01.EAC.001.052', 'Perlindungan Pegawai Ditjen Bina Administrasi Kewilayahan', 1242, 12424),
(1217, '6104.01.EAC.002.051', 'Sosialisasi kebijakan bidang administrasi kewilayahan', 1242, 12424),
(1218, '6104.01.EAC.002.052', 'Penyusunan kegiatan strategis penyelenggaraan pembinaan wilayah', 1242, 12421),
(1219, '6104.01.EAC.002.053', 'Penyelenggaraan sinergitas bidang pembinaan administrasi kewilayahan', 1242, 12421),
(1220, '6104.01.EAC.002.054', 'Koordinasi dan dukungan dalam rangka Penguatan Kebijakan penyelenggaraan pembinaan wilayah', 1242, 12421),
(1221, '6104.01.EAD.001.051', 'Pengadaan Perangkat Pengolah Data dan Komunikasi', 1242, 12424),
(1222, '6104.01.EAD.001.052', 'Pengadaan Peralatan Fasilitas Perkantoran', 1242, 12424),
(1223, '6104.01.EAD.001.053', 'Pengadaan kendaraan bermotor', 1242, 12424),
(1224, '6104.01.EAL.001.051', 'Pengendalian dan Evaluasi Kinerja', 1242, 12421),
(1225, '6104.01.EAL.001.052', 'Monev pelaksanaan dekonsentrasi dan bantuan pemerintah bidang bina administrasi Kewilayahan', 1242, 12421),
(1226, '6104.01.EAL.001.053', 'Monitoring dalam rangka pemantauan dan evaluasi kebijakan lingkup Ditjen Bina Adwil', 1242, 12424),
(1227, '6104.01.EAL.001.054', 'Koordinasi dan Monev RUP ', 1242, 12424),
(1228, '6105.01.EAI.001.051', 'Layanan Media Informasi Publikasi Pemberitaan lingkup Ditjen Bina Administrasi Kewilayahan', 1242, 12421),
(1229, '6105.01.EAI.001.052', 'Rakor dan Sinkronisasi Evaluasi Publikasi Pemberitaan Isu-Isu Strategis Bidang Administrasi Kewilayahan', 1242, 12424),
(1230, '6105.01.EAJ.001.051', 'Pelaksanaan Pengelolaan Data dan Informasi', 1242, 12421),
(1231, '6106.01.EAF.001.051', 'Pelaksanaan Pengelolaan Kepegawaian', 1242, 12424),
(1232, '6106.01.EAH.001.051', 'Pelayanan Organisasi, Tatalaksana, dan Reformasi Birokrasi', 1242, 12421);

-- --------------------------------------------------------

--
-- Table structure for table `tbm_dir`
--

CREATE TABLE `tbm_dir` (
  `id_dir` int(11) NOT NULL,
  `nama_dir` varchar(100) NOT NULL,
  `id_eselon` int(11) NOT NULL
) ENGINE=InnoDB DEFAULT CHARSET=latin1 COLLATE=latin1_swedish_ci;

--
-- Dumping data for table `tbm_dir`
--

INSERT INTO `tbm_dir` (`id_dir`, `nama_dir`, `id_eselon`) VALUES
(0, 'Admin', 0),
(1237, 'Direktorat Dekosentrasi, Tugas Pembantuan dan Kerja Sama', 8),
(1238, 'Direktorat Kawasan, Perkotaan dan Batas Negara', 8),
(1239, 'Direktorat Polisi Pamong Praja dan Perlindungan Masyarakat', 8),
(1240, 'Direktorat Manajemen Penanggulangan Bencana dan Kebakaran', 8),
(1241, 'Direktorat Toponimi dan Batas Daerah', 8),
(1242, 'Sekretariat Ditjen Bina Administrasi Kewilayahan', 8);

-- --------------------------------------------------------

--
-- Table structure for table `tbm_group`
--

CREATE TABLE `tbm_group` (
  `id_group` int(11) NOT NULL,
  `nama_group` varchar(50) NOT NULL
) ENGINE=InnoDB DEFAULT CHARSET=latin1 COLLATE=latin1_swedish_ci;

--
-- Dumping data for table `tbm_group`
--

INSERT INTO `tbm_group` (`id_group`, `nama_group`) VALUES
(1, 'Admin'),
(2, 'Manajemen'),
(3, 'Operator');

-- --------------------------------------------------------

--
-- Table structure for table `tbm_kab`
--

CREATE TABLE `tbm_kab` (
  `id_kab` char(4) CHARACTER SET latin1 COLLATE latin1_general_ci NOT NULL,
  `id_prov` char(2) CHARACTER SET latin1 COLLATE latin1_general_ci NOT NULL,
  `namakab` tinytext CHARACTER SET latin1 COLLATE latin1_general_ci NOT NULL
) ENGINE=InnoDB DEFAULT CHARSET=latin1 COLLATE=latin1_swedish_ci;

--
-- Dumping data for table `tbm_kab`
--

INSERT INTO `tbm_kab` (`id_kab`, `id_prov`, `namakab`) VALUES
('1101', '11', 'KAB. ACEH SELATAN'),
('1102', '11', 'KAB. ACEH TENGGARA'),
('1103', '11', 'KAB. ACEH TIMUR'),
('1104', '11', 'KAB. ACEH TENGAH'),
('1105', '11', 'KAB. ACEH BARAT'),
('1106', '11', 'KAB. ACEH BESAR'),
('1107', '11', 'KAB. PIDIE'),
('1108', '11', 'KAB. ACEH UTARA'),
('1109', '11', 'KAB. SIMEULUE'),
('1110', '11', 'KAB. ACEH SINGKIL'),
('1111', '11', 'KAB. BIREUEN'),
('1112', '11', 'KAB. ACEH BARAT DAYA'),
('1113', '11', 'KAB. GAYO LUES'),
('1114', '11', 'KAB. ACEH JAYA'),
('1115', '11', 'KAB. NAGAN RAYA'),
('1116', '11', 'KAB. ACEH TAMIANG'),
('1117', '11', 'KAB. BENER MERIAH'),
('1118', '11', 'KAB. PIDIE JAYA'),
('1171', '11', 'KOTA BANDA ACEH'),
('1172', '11', 'KOTA SABANG'),
('1173', '11', 'KOTA LHOKSEUMAWE'),
('1174', '11', 'KOTA LANGSA'),
('1175', '11', 'KOTA SUBULUSSALAM'),
('1201', '12', 'KAB. TAPANULI TENGAH'),
('1202', '12', 'KAB. TAPANULI UTARA'),
('1203', '12', 'KAB. TAPANULI SELATAN'),
('1204', '12', 'KAB. NIAS'),
('1205', '12', 'KAB. LANGKAT'),
('1206', '12', 'KAB. KARO'),
('1207', '12', 'KAB. DELI SERDANG'),
('1208', '12', 'KAB. SIMALUNGUN'),
('1209', '12', 'KAB. ASAHAN'),
('1210', '12', 'KAB. LABUHANBATU'),
('1211', '12', 'KAB. DAIRI'),
('1212', '12', 'KAB. TOBA SAMOSIR'),
('1213', '12', 'KAB. MANDAILING NATAL'),
('1214', '12', 'KAB. NIAS SELATAN'),
('1215', '12', 'KAB. PAKPAK BHARAT'),
('1216', '12', 'KAB. HUMBANG HASUNDUTAN'),
('1217', '12', 'KAB. SAMOSIR'),
('1218', '12', 'KAB. SERDANG BEDAGAI'),
('1219', '12', 'KAB. BATU BARA'),
('1220', '12', 'KAB. PADANG LAWAS UTARA'),
('1221', '12', 'KAB. PADANG LAWAS'),
('1222', '12', 'KAB. LABUHANBATU SELATAN'),
('1223', '12', 'KAB. LABUHANBATU UTARA'),
('1224', '12', 'KAB. NIAS UTARA'),
('1225', '12', 'KAB. NIAS BARAT'),
('1271', '12', 'KOTA MEDAN'),
('1272', '12', 'KOTA PEMATANG SIANTAR'),
('1273', '12', 'KOTA SIBOLGA'),
('1274', '12', 'KOTA TANJUNG BALAI'),
('1275', '12', 'KOTA BINJAI'),
('1276', '12', 'KOTA TEBING TINGGI'),
('1277', '12', 'KOTA PADANGSIDIMPUAN'),
('1278', '12', 'KOTA GUNUNGSITOLI'),
('1301', '13', 'KAB. PESISIR SELATAN'),
('1302', '13', 'KAB. SOLOK'),
('1303', '13', 'KAB. SIJUNJUNG'),
('1304', '13', 'KAB. TANAH DATAR'),
('1305', '13', 'KAB. PADANG PARIAMAN'),
('1306', '13', 'KAB. AGAM'),
('1307', '13', 'KAB. LIMA PULUH KOTA'),
('1308', '13', 'KAB. PASAMAN'),
('1309', '13', 'KAB. KEPULAUAN MENTAWAI'),
('1310', '13', 'KAB. DHARMASRAYA'),
('1311', '13', 'KAB. SOLOK SELATAN'),
('1312', '13', 'KAB. PASAMAN BARAT'),
('1371', '13', 'KOTA PADANG'),
('1372', '13', 'KOTA SOLOK'),
('1373', '13', 'KOTA SAWAHLUNTO'),
('1374', '13', 'KOTA PADANG PANJANG'),
('1375', '13', 'KOTA BUKITTINGGI'),
('1376', '13', 'KOTA PAYAKUMBUH'),
('1377', '13', 'KOTA PARIAMAN'),
('1401', '14', 'KAB. KAMPAR'),
('1402', '14', 'KAB. INDRAGIRI HULU'),
('1403', '14', 'KAB. BENGKALIS'),
('1404', '14', 'KAB. INDRAGIRI HILIR'),
('1405', '14', 'KAB. PELALAWAN'),
('1406', '14', 'KAB. ROKAN HULU'),
('1407', '14', 'KAB. ROKAN HILIR'),
('1408', '14', 'KAB. SIAK'),
('1409', '14', 'KAB. KUANTAN SINGINGI'),
('1410', '14', 'KAB. KEPULAUAN MERANTI'),
('1471', '14', 'KOTA PEKANBARU'),
('1472', '14', 'KOTA DUMAI'),
('1501', '15', 'KAB. KERINCI'),
('1502', '15', 'KAB. MERANGIN'),
('1503', '15', 'KAB. SAROLANGUN'),
('1504', '15', 'KAB. BATANGHARI'),
('1505', '15', 'KAB. MUARO JAMBI'),
('1506', '15', 'KAB. TANJUNG JABUNG BARAT'),
('1507', '15', 'KAB. TANJUNG JABUNG TIMUR'),
('1508', '15', 'KAB. BUNGO'),
('1509', '15', 'KAB. TEBO'),
('1571', '15', 'KOTA JAMBI'),
('1572', '15', 'KOTA SUNGAI PENUH'),
('1601', '16', 'KAB. OGAN KOMERING ULU'),
('1602', '16', 'KAB. OGAN KOMERING ILIR'),
('1603', '16', 'KAB. MUARA ENIM'),
('1604', '16', 'KAB. LAHAT'),
('1605', '16', 'KAB. MUSI RAWAS'),
('1606', '16', 'KAB. MUSI BANYUASIN'),
('1607', '16', 'KAB. BANYUASIN'),
('1608', '16', 'KAB. OGAN KOMERING ULU TIMUR'),
('1609', '16', 'KAB. OGAN KOMERING ULU SELATAN'),
('1610', '16', 'KAB. OGAN ILIR'),
('1611', '16', 'KAB. EMPAT LAWANG'),
('1612', '16', 'KAB. PENUKAL ABAB LEMATANG ILIR'),
('1613', '16', 'KAB. MUSI RAWAS UTARA'),
('1671', '16', 'KOTA PALEMBANG'),
('1672', '16', 'KOTA PAGAR ALAM'),
('1673', '16', 'KOTA LUBUK LINGGAU'),
('1674', '16', 'KOTA PRABUMULIH'),
('1701', '17', 'KAB. BENGKULU SELATAN'),
('1702', '17', 'KAB. REJANG LEBONG'),
('1703', '17', 'KAB. BENGKULU UTARA'),
('1704', '17', 'KAB. KAUR'),
('1705', '17', 'KAB. SELUMA'),
('1706', '17', 'KAB. MUKO MUKO'),
('1707', '17', 'KAB. LEBONG'),
('1708', '17', 'KAB. KEPAHIANG'),
('1709', '17', 'KAB. BENGKULU TENGAH'),
('1771', '17', 'KOTA BENGKULU'),
('1801', '18', 'KAB. LAMPUNG SELATAN'),
('1802', '18', 'KAB. LAMPUNG TENGAH'),
('1803', '18', 'KAB. LAMPUNG UTARA'),
('1804', '18', 'KAB. LAMPUNG BARAT'),
('1805', '18', 'KAB. TULANG BAWANG'),
('1806', '18', 'KAB. TANGGAMUS'),
('1807', '18', 'KAB. LAMPUNG TIMUR'),
('1808', '18', 'KAB. WAY KANAN'),
('1809', '18', 'KAB. PESAWARAN'),
('1810', '18', 'KAB. PRINGSEWU'),
('1811', '18', 'KAB. MESUJI'),
('1812', '18', 'KAB. TULANG BAWANG BARAT'),
('1813', '18', 'KAB. PESISIR BARAT'),
('1871', '18', 'KOTA BANDAR LAMPUNG'),
('1872', '18', 'KOTA METRO'),
('1901', '19', 'KAB. BANGKA'),
('1902', '19', 'KAB. BELITUNG'),
('1903', '19', 'KAB. BANGKA SELATAN'),
('1904', '19', 'KAB. BANGKA TENGAH'),
('1905', '19', 'KAB. BANGKA BARAT'),
('1906', '19', 'KAB. BELITUNG TIMUR'),
('1971', '19', 'KOTA PANGKAL PINANG'),
('2101', '21', 'KAB. BINTAN'),
('2102', '21', 'KAB. KARIMUN'),
('2103', '21', 'KAB. NATUNA'),
('2104', '21', 'KAB. LINGGA'),
('2105', '21', 'KAB. KEPULAUAN ANAMBAS'),
('2171', '21', 'KOTA BATAM'),
('2172', '21', 'KOTA TANJUNG PINANG'),
('3101', '31', 'KAB. ADM. KEP. SERIBU'),
('3171', '31', 'KOTA ADM. JAKARTA PUSAT'),
('3172', '31', 'KOTA ADM. JAKARTA UTARA'),
('3173', '31', 'KOTA ADM. JAKARTA BARAT'),
('3174', '31', 'KOTA ADM. JAKARTA SELATAN'),
('3175', '31', 'KOTA ADM. JAKARTA TIMUR'),
('3201', '32', 'KAB. BOGOR'),
('3202', '32', 'KAB. SUKABUMI'),
('3203', '32', 'KAB. CIANJUR'),
('3204', '32', 'KAB. BANDUNG'),
('3205', '32', 'KAB. GARUT'),
('3206', '32', 'KAB. TASIKMALAYA'),
('3207', '32', 'KAB. CIAMIS'),
('3208', '32', 'KAB. KUNINGAN'),
('3209', '32', 'KAB. CIREBON'),
('3210', '32', 'KAB. MAJALENGKA'),
('3211', '32', 'KAB. SUMEDANG'),
('3212', '32', 'KAB. INDRAMAYU'),
('3213', '32', 'KAB. SUBANG'),
('3214', '32', 'KAB. PURWAKARTA'),
('3215', '32', 'KAB. KARAWANG'),
('3216', '32', 'KAB. BEKASI'),
('3217', '32', 'KAB. BANDUNG BARAT'),
('3218', '32', 'KAB. PANGANDARAN'),
('3271', '32', 'KOTA BOGOR'),
('3272', '32', 'KOTA SUKABUMI'),
('3273', '32', 'KOTA BANDUNG'),
('3274', '32', 'KOTA CIREBON'),
('3275', '32', 'KOTA BEKASI'),
('3276', '32', 'KOTA DEPOK'),
('3277', '32', 'KOTA CIMAHI'),
('3278', '32', 'KOTA TASIKMALAYA'),
('3279', '32', 'KOTA BANJAR'),
('3301', '33', 'KAB. CILACAP'),
('3302', '33', 'KAB. BANYUMAS'),
('3303', '33', 'KAB. PURBALINGGA'),
('3304', '33', 'KAB. BANJARNEGARA'),
('3305', '33', 'KAB. KEBUMEN'),
('3306', '33', 'KAB. PURWOREJO'),
('3307', '33', 'KAB. WONOSOBO'),
('3308', '33', 'KAB. MAGELANG'),
('3309', '33', 'KAB. BOYOLALI'),
('3310', '33', 'KAB. KLATEN'),
('3311', '33', 'KAB. SUKOHARJO'),
('3312', '33', 'KAB. WONOGIRI'),
('3313', '33', 'KAB. KARANGANYAR'),
('3314', '33', 'KAB. SRAGEN'),
('3315', '33', 'KAB. GROBOGAN'),
('3316', '33', 'KAB. BLORA'),
('3317', '33', 'KAB. REMBANG'),
('3318', '33', 'KAB. PATI'),
('3319', '33', 'KAB. KUDUS'),
('3320', '33', 'KAB. JEPARA'),
('3321', '33', 'KAB. DEMAK'),
('3322', '33', 'KAB. SEMARANG'),
('3323', '33', 'KAB. TEMANGGUNG'),
('3324', '33', 'KAB. KENDAL'),
('3325', '33', 'KAB. BATANG'),
('3326', '33', 'KAB. PEKALONGAN'),
('3327', '33', 'KAB. PEMALANG'),
('3328', '33', 'KAB. TEGAL'),
('3329', '33', 'KAB. BREBES'),
('3371', '33', 'KOTA MAGELANG'),
('3372', '33', 'KOTA SURAKARTA'),
('3373', '33', 'KOTA SALATIGA'),
('3374', '33', 'KOTA SEMARANG'),
('3375', '33', 'KOTA PEKALONGAN'),
('3376', '33', 'KOTA TEGAL'),
('3401', '34', 'KAB. KULON PROGO'),
('3402', '34', 'KAB. BANTUL'),
('3403', '34', 'KAB. GUNUNG KIDUL'),
('3404', '34', 'KAB. SLEMAN'),
('3471', '34', 'KOTA YOGYAKARTA'),
('3501', '35', 'KAB. PACITAN'),
('3502', '35', 'KAB. PONOROGO'),
('3503', '35', 'KAB. TRENGGALEK'),
('3504', '35', 'KAB. TULUNGAGUNG'),
('3505', '35', 'KAB. BLITAR'),
('3506', '35', 'KAB. KEDIRI'),
('3507', '35', 'KAB. MALANG'),
('3508', '35', 'KAB. LUMAJANG'),
('3509', '35', 'KAB. JEMBER'),
('3510', '35', 'KAB. BANYUWANGI'),
('3511', '35', 'KAB. BONDOWOSO'),
('3512', '35', 'KAB. SITUBONDO'),
('3513', '35', 'KAB. PROBOLINGGO'),
('3514', '35', 'KAB. PASURUAN'),
('3515', '35', 'KAB. SIDOARJO'),
('3516', '35', 'KAB. MOJOKERTO'),
('3517', '35', 'KAB. JOMBANG'),
('3518', '35', 'KAB. NGANJUK'),
('3519', '35', 'KAB. MADIUN'),
('3520', '35', 'KAB. MAGETAN'),
('3521', '35', 'KAB. NGAWI'),
('3522', '35', 'KAB. BOJONEGORO'),
('3523', '35', 'KAB. TUBAN'),
('3524', '35', 'KAB. LAMONGAN'),
('3525', '35', 'KAB. GRESIK'),
('3526', '35', 'KAB. BANGKALAN'),
('3527', '35', 'KAB. SAMPANG'),
('3528', '35', 'KAB. PAMEKASAN'),
('3529', '35', 'KAB. SUMENEP'),
('3571', '35', 'KOTA KEDIRI'),
('3572', '35', 'KOTA BLITAR'),
('3573', '35', 'KOTA MALANG'),
('3574', '35', 'KOTA PROBOLINGGO'),
('3575', '35', 'KOTA PASURUAN'),
('3576', '35', 'KOTA MOJOKERTO'),
('3577', '35', 'KOTA MADIUN'),
('3578', '35', 'KOTA SURABAYA'),
('3579', '35', 'KOTA BATU'),
('3601', '36', 'KAB. PANDEGLANG'),
('3602', '36', 'KAB. LEBAK'),
('3603', '36', 'KAB. TANGERANG'),
('3604', '36', 'KAB. SERANG'),
('3671', '36', 'KOTA TANGERANG'),
('3672', '36', 'KOTA CILEGON'),
('3673', '36', 'KOTA SERANG'),
('3674', '36', 'KOTA TANGERANG SELATAN'),
('5101', '51', 'KAB. JEMBRANA'),
('5102', '51', 'KAB. TABANAN'),
('5103', '51', 'KAB. BADUNG'),
('5104', '51', 'KAB. GIANYAR'),
('5105', '51', 'KAB. KLUNGKUNG'),
('5106', '51', 'KAB. BANGLI'),
('5107', '51', 'KAB. KARANGASEM'),
('5108', '51', 'KAB. BULELENG'),
('5171', '51', 'KOTA DENPASAR'),
('5201', '52', 'KAB. LOMBOK BARAT'),
('5202', '52', 'KAB. LOMBOK TENGAH'),
('5203', '52', 'KAB. LOMBOK TIMUR'),
('5204', '52', 'KAB. SUMBAWA'),
('5205', '52', 'KAB. DOMPU'),
('5206', '52', 'KAB. BIMA'),
('5207', '52', 'KAB. SUMBAWA BARAT'),
('5208', '52', 'KAB. LOMBOK UTARA'),
('5271', '52', 'KOTA MATARAM'),
('5272', '52', 'KOTA BIMA'),
('5301', '53', 'KAB. KUPANG'),
('5302', '53', 'KAB TIMOR TENGAH SELATAN'),
('5303', '53', 'KAB. TIMOR TENGAH UTARA'),
('5304', '53', 'KAB. BELU'),
('5305', '53', 'KAB. ALOR'),
('5306', '53', 'KAB. FLORES TIMUR'),
('5307', '53', 'KAB. SIKKA'),
('5308', '53', 'KAB. ENDE'),
('5309', '53', 'KAB. NGADA'),
('5310', '53', 'KAB. MANGGARAI'),
('5311', '53', 'KAB. SUMBA TIMUR'),
('5312', '53', 'KAB. SUMBA BARAT'),
('5313', '53', 'KAB. LEMBATA'),
('5314', '53', 'KAB. ROTE NDAO'),
('5315', '53', 'KAB. MANGGARAI BARAT'),
('5316', '53', 'KAB. NAGEKEO'),
('5317', '53', 'KAB. SUMBA TENGAH'),
('5318', '53', 'KAB. SUMBA BARAT DAYA'),
('5319', '53', 'KAB. MANGGARAI TIMUR'),
('5320', '53', 'KAB. SABU RAIJUA'),
('5321', '53', 'KAB. MALAKA'),
('5371', '53', 'KOTA KUPANG'),
('6101', '61', 'KAB. SAMBAS'),
('6102', '61', 'KAB. MEMPAWAH'),
('6103', '61', 'KAB. SANGGAU'),
('6104', '61', 'KAB. KETAPANG'),
('6105', '61', 'KAB. SINTANG'),
('6106', '61', 'KAB. KAPUAS HULU'),
('6107', '61', 'KAB. BENGKAYANG'),
('6108', '61', 'KAB. LANDAK'),
('6109', '61', 'KAB. SEKADAU'),
('6110', '61', 'KAB. MELAWI'),
('6111', '61', 'KAB. KAYONG UTARA'),
('6112', '61', 'KAB. KUBU RAYA'),
('6171', '61', 'KOTA PONTIANAK'),
('6172', '61', 'KOTA SINGKAWANG'),
('6201', '62', 'KAB. KOTAWARINGIN BARAT'),
('6202', '62', 'KAB. KOTAWARINGIN TIMUR'),
('6203', '62', 'KAB. KAPUAS'),
('6204', '62', 'KAB. BARITO SELATAN'),
('6205', '62', 'KAB. BARITO UTARA'),
('6206', '62', 'KAB. KATINGAN'),
('6207', '62', 'KAB. SERUYAN'),
('6208', '62', 'KAB. SUKAMARA'),
('6209', '62', 'KAB. LAMANDAU'),
('6210', '62', 'KAB. GUNUNG MAS'),
('6211', '62', 'KAB. PULANG PISAU'),
('6212', '62', 'KAB. MURUNG RAYA'),
('6213', '62', 'KAB. BARITO TIMUR'),
('6271', '62', 'KOTA PALANGKARAYA'),
('6301', '63', 'KAB. TANAH LAUT'),
('6302', '63', 'KAB. KOTABARU'),
('6303', '63', 'KAB. BANJAR'),
('6304', '63', 'KAB. BARITO KUALA'),
('6305', '63', 'KAB. TAPIN'),
('6306', '63', 'KAB. HULU SUNGAI SELATAN'),
('6307', '63', 'KAB. HULU SUNGAI TENGAH'),
('6308', '63', 'KAB. HULU SUNGAI UTARA'),
('6309', '63', 'KAB. TABALONG'),
('6310', '63', 'KAB. TANAH BUMBU'),
('6311', '63', 'KAB. BALANGAN'),
('6371', '63', 'KOTA BANJARMASIN'),
('6372', '63', 'KOTA BANJARBARU'),
('6401', '64', 'KAB. PASER'),
('6402', '64', 'KAB. KUTAI KARTANEGARA'),
('6403', '64', 'KAB. BERAU'),
('6407', '64', 'KAB. KUTAI BARAT'),
('6408', '64', 'KAB. KUTAI TIMUR'),
('6409', '64', 'KAB. PENAJAM PASER UTARA'),
('6411', '64', 'KAB. MAHAKAM ULU'),
('6471', '64', 'KOTA BALIKPAPAN'),
('6472', '64', 'KOTA SAMARINDA'),
('6474', '64', 'KOTA BONTANG'),
('6501', '65', 'KAB. BULUNGAN'),
('6502', '65', 'KAB. MALINAU'),
('6503', '65', 'KAB. NUNUKAN'),
('6504', '65', 'KAB. TANA TIDUNG'),
('6571', '65', 'KOTA TARAKAN'),
('7101', '71', 'KAB. BOLAANG MONGONDOW'),
('7102', '71', 'KAB. MINAHASA'),
('7103', '71', 'KAB. KEPULAUAN SANGIHE'),
('7104', '71', 'KAB. KEPULAUAN TALAUD'),
('7105', '71', 'KAB. MINAHASA SELATAN'),
('7106', '71', 'KAB. MINAHASA UTARA'),
('7107', '71', 'KAB. MINAHASA TENGGARA'),
('7108', '71', 'KAB. BOLAANG MONGONDOW UTARA'),
('7109', '71', 'KAB. KEP. SIAU TAGULANDANG BIARO'),
('7110', '71', 'KAB. BOLAANG MONGONDOW TIMUR'),
('7111', '71', 'KAB. BOLAANG MONGONDOW SELATAN'),
('7171', '71', 'KOTA MANADO'),
('7172', '71', 'KOTA BITUNG'),
('7173', '71', 'KOTA TOMOHON'),
('7174', '71', 'KOTA KOTAMOBAGU'),
('7201', '72', 'KAB. BANGGAI'),
('7202', '72', 'KAB. POSO'),
('7203', '72', 'KAB. DONGGALA'),
('7204', '72', 'KAB. TOLI TOLI'),
('7205', '72', 'KAB. BUOL'),
('7206', '72', 'KAB. MOROWALI'),
('7207', '72', 'KAB. BANGGAI KEPULAUAN'),
('7208', '72', 'KAB. PARIGI MOUTONG'),
('7209', '72', 'KAB. TOJO UNA UNA'),
('7210', '72', 'KAB. SIGI'),
('7211', '72', 'KAB. BANGGAI LAUT'),
('7212', '72', 'KAB. MOROWALI UTARA'),
('7271', '72', 'KOTA PALU'),
('7301', '73', 'KAB. KEPULAUAN SELAYAR'),
('7302', '73', 'KAB. BULUKUMBA'),
('7303', '73', 'KAB. BANTAENG'),
('7304', '73', 'KAB. JENEPONTO'),
('7305', '73', 'KAB. TAKALAR'),
('7306', '73', 'KAB. GOWA'),
('7307', '73', 'KAB. SINJAI'),
('7308', '73', 'KAB. BONE'),
('7309', '73', 'KAB. MAROS'),
('7310', '73', 'KAB. PANGKAJENE KEPULAUAN'),
('7311', '73', 'KAB. BARRU'),
('7312', '73', 'KAB. SOPPENG'),
('7313', '73', 'KAB. WAJO'),
('7314', '73', 'KAB. SIDENRENG RAPPANG'),
('7315', '73', 'KAB. PINRANG'),
('7316', '73', 'KAB. ENREKANG'),
('7317', '73', 'KAB. LUWU'),
('7318', '73', 'KAB. TANA TORAJA'),
('7322', '73', 'KAB. LUWU UTARA'),
('7324', '73', 'KAB. LUWU TIMUR'),
('7326', '73', 'KAB. TORAJA UTARA'),
('7371', '73', 'KOTA MAKASSAR'),
('7372', '73', 'KOTA PARE PARE'),
('7373', '73', 'KOTA PALOPO'),
('7401', '74', 'KAB. KOLAKA'),
('7402', '74', 'KAB. KONAWE'),
('7403', '74', 'KAB. MUNA'),
('7404', '74', 'KAB. BUTON'),
('7405', '74', 'KAB. KONAWE SELATAN'),
('7406', '74', 'KAB. BOMBANA'),
('7407', '74', 'KAB. WAKATOBI'),
('7408', '74', 'KAB. KOLAKA UTARA'),
('7409', '74', 'KAB. KONAWE UTARA'),
('7410', '74', 'KAB. BUTON UTARA'),
('7411', '74', 'KAB. KOLAKA TIMUR'),
('7412', '74', 'KAB. KONAWE KEPULAUAN'),
('7413', '74', 'KAB. MUNA BARAT'),
('7414', '74', 'KAB. BUTON TENGAH'),
('7415', '74', 'KAB. BUTON SELATAN'),
('7471', '74', 'KOTA KENDARI'),
('7472', '74', 'KOTA BAU BAU'),
('7501', '75', 'KAB. GORONTALO'),
('7502', '75', 'KAB. BOALEMO'),
('7503', '75', 'KAB. BONE BOLANGO'),
('7504', '75', 'KAB. PAHUWATO'),
('7505', '75', 'KAB. GORONTALO UTARA'),
('7571', '75', 'KOTA GORONTALO'),
('7601', '76', 'KAB. MAMUJU UTARA'),
('7602', '76', 'KAB. MAMUJU'),
('7603', '76', 'KAB. MAMASA'),
('7604', '76', 'KAB. POLEWALI MANDAR'),
('7605', '76', 'KAB. MAJENE'),
('7606', '76', 'KAB. MAMUJU TENGAH'),
('8101', '81', 'KAB. MALUKU TENGAH'),
('8102', '81', 'KAB. MALUKU TENGGARA'),
('8103', '81', 'KAB MALUKU TENGGARA BARAT'),
('8104', '81', 'KAB. BURU'),
('8105', '81', 'KAB. SERAM BAGIAN TIMUR'),
('8106', '81', 'KAB. SERAM BAGIAN BARAT'),
('8107', '81', 'KAB. KEPULAUAN ARU'),
('8108', '81', 'KAB. MALUKU BARAT DAYA'),
('8109', '81', 'KAB. BURU SELATAN'),
('8171', '81', 'KOTA AMBON'),
('8172', '81', 'KOTA TUAL'),
('8201', '82', 'KAB. HALMAHERA BARAT'),
('8202', '82', 'KAB. HALMAHERA TENGAH'),
('8203', '82', 'KAB. HALMAHERA UTARA'),
('8204', '82', 'KAB. HALMAHERA SELATAN'),
('8205', '82', 'KAB. KEPULAUAN SULA'),
('8206', '82', 'KAB. HALMAHERA TIMUR'),
('8207', '82', 'KAB. PULAU MOROTAI'),
('8208', '82', 'KAB. PULAU TALIABU'),
('8271', '82', 'KOTA TERNATE'),
('8272', '82', 'KOTA TIDORE KEPULAUAN'),
('9101', '91', 'KAB. MERAUKE'),
('9102', '91', 'KAB. JAYAWIJAYA'),
('9103', '91', 'KAB. JAYAPURA'),
('9104', '91', 'KAB. NABIRE'),
('9105', '91', 'KAB. KEPULAUAN YAPEN'),
('9106', '91', 'KAB. BIAK NUMFOR'),
('9107', '91', 'KAB. PUNCAK JAYA'),
('9108', '91', 'KAB. PANIAI'),
('9109', '91', 'KAB. MIMIKA'),
('9110', '91', 'KAB. SARMI'),
('9111', '91', 'KAB. KEEROM'),
('9112', '91', 'KAB PEGUNUNGAN BINTANG'),
('9113', '91', 'KAB. YAHUKIMO'),
('9114', '91', 'KAB. TOLIKARA'),
('9115', '91', 'KAB. WAROPEN'),
('9116', '91', 'KAB. BOVEN DIGOEL'),
('9117', '91', 'KAB. MAPPI'),
('9118', '91', 'KAB. ASMAT'),
('9119', '91', 'KAB. SUPIORI'),
('9120', '91', 'KAB. MAMBERAMO RAYA'),
('9121', '91', 'KAB. MAMBERAMO TENGAH'),
('9122', '91', 'KAB. YALIMO'),
('9123', '91', 'KAB. LANNY JAYA'),
('9124', '91', 'KAB. NDUGA'),
('9125', '91', 'KAB. PUNCAK'),
('9126', '91', 'KAB. DOGIYAI'),
('9127', '91', 'KAB. INTAN JAYA'),
('9128', '91', 'KAB. DEIYAI'),
('9171', '91', 'KOTA JAYAPURA'),
('9201', '92', 'KAB. SORONG'),
('9202', '92', 'KAB. MANOKWARI'),
('9203', '92', 'KAB. FAK FAK'),
('9204', '92', 'KAB. SORONG SELATAN'),
('9205', '92', 'KAB. RAJA AMPAT'),
('9206', '92', 'KAB. TELUK BINTUNI'),
('9207', '92', 'KAB. TELUK WONDAMA'),
('9208', '92', 'KAB. KAIMANA'),
('9209', '92', 'KAB. TAMBRAUW'),
('9210', '92', 'KAB. MAYBRAT'),
('9211', '92', 'KAB. MANOKWARI SELATAN'),
('9212', '92', 'KAB. PEGUNUNGAN ARFAK'),
('9271', '92', 'KOTA SORONG');

-- --------------------------------------------------------

--
-- Table structure for table `tbm_prov`
--

CREATE TABLE `tbm_prov` (
  `id_prov` char(2) CHARACTER SET latin1 COLLATE latin1_general_ci NOT NULL,
  `namaprov` tinytext CHARACTER SET latin1 COLLATE latin1_general_ci NOT NULL
) ENGINE=InnoDB DEFAULT CHARSET=latin1 COLLATE=latin1_swedish_ci;

--
-- Dumping data for table `tbm_prov`
--

INSERT INTO `tbm_prov` (`id_prov`, `namaprov`) VALUES
('11', 'Aceh'),
('12', 'Sumatera Utara'),
('13', 'Sumatera Barat'),
('14', 'Riau'),
('15', 'Jambi'),
('16', 'Sumatera Selatan'),
('17', 'Bengkulu'),
('18', 'Lampung'),
('19', 'Kepulauan Bangka Belitung'),
('21', 'Kepulauan Riau'),
('31', 'DKI Jakarta'),
('32', 'Jawa Barat'),
('33', 'Jawa Tengah'),
('34', 'DI Yogyakarta'),
('35', 'Jawa Timur'),
('36', 'Banten'),
('51', 'Bali'),
('52', 'Nusa Tenggara Barat'),
('53', 'Nusa Tenggara Timur'),
('61', 'Kalimantan Barat'),
('62', 'Kalimantan Tengah'),
('63', 'Kalimantan Selatan'),
('64', 'Kalimantan Timur'),
('65', 'Kalimantan Utara'),
('71', 'Sulawesi Utara'),
('72', 'Sulawesi Tengah'),
('73', 'Sulawesi Selatan'),
('74', 'Sulawesi Tenggara'),
('75', 'Gorontalo'),
('76', 'Sulawesi Barat'),
('81', 'Maluku'),
('82', 'Maluku Utara'),
('91', 'Papua Barat'),
('92', 'Papua');

-- --------------------------------------------------------

--
-- Table structure for table `tbm_satuan`
--

CREATE TABLE `tbm_satuan` (
  `id_satuan` int(11) NOT NULL,
  `satuan` varchar(100) NOT NULL
) ENGINE=InnoDB DEFAULT CHARSET=latin1 COLLATE=latin1_swedish_ci;

--
-- Dumping data for table `tbm_satuan`
--

INSERT INTO `tbm_satuan` (`id_satuan`, `satuan`) VALUES
(1, 'Orang'),
(3, 'Kabupaten'),
(4, 'Provinsi'),
(5, 'Tugas'),
(6, 'Permendagri'),
(7, 'Kebijakan'),
(8, 'Layanan'),
(9, 'Urusan'),
(10, 'Kab/Kota'),
(11, 'Pedoman'),
(12, 'Dekonsentrasi/ Tugas Pembantuan'),
(13, 'Daerah'),
(14, 'Laporan'),
(15, 'Persentase'),
(16, 'Segmen'),
(17, 'Unsur'),
(18, 'Kesepakatan'),
(19, 'Peraturan'),
(20, 'Konfilik'),
(21, 'Kebijakan'),
(22, 'Unit');

-- --------------------------------------------------------

--
-- Table structure for table `tbm_subdir`
--

CREATE TABLE `tbm_subdir` (
  `id_subdir` int(11) NOT NULL,
  `nama_subdir` varchar(100) NOT NULL,
  `id_dir` int(11) NOT NULL
) ENGINE=InnoDB DEFAULT CHARSET=latin1 COLLATE=latin1_swedish_ci;

--
-- Dumping data for table `tbm_subdir`
--

INSERT INTO `tbm_subdir` (`id_subdir`, `nama_subdir`, `id_dir`) VALUES
(0, 'Admin Direktorat', 0),
(12371, 'Fasilitasi Gubernur sebagai Wakil Pemerintah Pusat', 1237),
(12372, 'Dekonsentrasi dan Tugas Pembantuan', 1237),
(12373, 'Kerjasama dan Penyelesaian Perselisihan Antar Daerah', 1237),
(12374, 'Faslitasi Pelayanan Umum', 1237),
(12375, 'Kecamatan', 1237),
(12381, 'Kawasan Khusus Lingkup I', 1238),
(12382, 'Kawasan Khusus Lingkup II', 1238),
(12383, 'Fasilitasi Masalah Pertanahan', 1238),
(12384, 'Administrasi Kawasan Perkotaan', 1238),
(12385, 'Batas Negara dan Pulau-Pulau Terluar', 1238),
(12391, 'Tata Operasional dan Standarisaasi Pol PP', 1239),
(12392, 'Peningkatan Kapasitas SDM Pol PP', 1239),
(12393, 'Perlindungan Masyarakat', 1239),
(12394, 'Penyidik Pegawai Negeri Sipil', 1239),
(12395, 'Perlindungan Hak-Hak Sipil dan HAM', 1239),
(12401, 'Pengurangan Resiko Bencana', 1240),
(12402, 'Sarpras dan Informasi Bencana', 1240),
(12403, 'Tanggap Darurat dan Pasca Bencana', 1240),
(12404, 'Sarpras dan Informasi Kebakaran', 1240),
(12405, 'Peningkatan Kapasitas Sumber Daya Pemadam Kebakaran', 1240),
(12411, 'Batas Antar Daerah Wilayah I', 1241),
(12412, 'Batas Antar Daerah Wilayah II', 1241),
(12413, 'Batas Antar Daerah Wilayah III', 1241),
(12414, 'Toponimi, Data dan Kodefikasi Wilayah I', 1241),
(12415, 'Toponimi, Data dan Kodefikasi Wilayah II', 1241),
(12421, 'Perencanaan', 1242),
(12422, 'Keuangan', 1242),
(12423, 'Perundang-Undangan', 1242),
(12424, 'Umum', 1242);

-- --------------------------------------------------------

--
-- Table structure for table `tb_akses`
--

CREATE TABLE `tb_akses` (
  `id_akses` int(11) NOT NULL,
  `nama` varchar(100) NOT NULL,
  `username` varchar(50) NOT NULL,
  `password` varchar(255) NOT NULL,
  `level` int(11) NOT NULL DEFAULT 4,
  `id_group` int(11) NOT NULL,
  `id_dir` int(11) NOT NULL,
  `id_subdir` int(11) NOT NULL,
  `tgl_update` timestamp NOT NULL DEFAULT current_timestamp()
) ENGINE=InnoDB DEFAULT CHARSET=latin1 COLLATE=latin1_swedish_ci;

--
-- Dumping data for table `tb_akses`
--

INSERT INTO `tb_akses` (`id_akses`, `nama`, `username`, `password`, `level`, `id_group`, `id_dir`, `id_subdir`, `tgl_update`) VALUES
(1, 'Administrator', 'admin', '$2a$12$V0K4iRO3awfpXqQpcX81E.KPR.bHPEMl511.LqWmE7vg7w5IqZDfK', 1, 1, 0, 0, '2019-06-27 09:49:45'),
(2, 'Ade Surya', 'ades', '202cb962ac59075b964b07152d234b70', 4, 2, 1237, 1, '2019-07-29 08:12:19'),
(3, 'Barda Hudaya', 'barda', '202cb962ac59075b964b07152d234b70', 4, 2, 1238, 6, '2019-08-20 05:24:36'),
(4, 'test', 'tes', '202cb962ac59075b964b07152d234b70', 4, 1, 1239, 11, '2019-08-22 10:39:08'),
(5, 'yudi', 'yudi', 'c232864d5de2064450915c0b9e4cc0b5', 4, 3, 1237, 1, '2019-09-22 01:28:04'),
(9, 'Direktorat Dekosentrasi Tugas Pembantuan dan Kerjasama', 'dekon', 'c8cdaea76c196253ff850cbb020c5e5a', 4, 2, 1237, 0, '2019-12-01 20:31:07'),
(10, 'Direktorat Kawasan Perkotaan dan Batas Negara', 'waskoban', '629fa6ae3b9f3185f7738e8afddda4d7', 4, 2, 1238, 0, '2020-02-10 23:07:02'),
(11, 'Direktorat Polisi Pamong Praja dan Perlindungan Masyarakat', 'satpolpp', '431374007fe4e4226e789abcc83e4204', 4, 2, 1239, 0, '2020-02-25 19:29:11'),
(12, 'Direktorat Manajemen Penanggulangan Bencana dan Kebakaran', 'mpbk', '858c7fd443ca38bb7eb10965af9ffc3d', 4, 2, 1240, 0, '2020-02-25 19:30:57'),
(13, 'Direktorat Toponimi dan Batas Daerah', 'toponimi', '6339555e6f9bd5bbfed83274de577969', 4, 2, 1241, 0, '2020-02-25 19:31:49'),
(14, 'Sekretariat Ditjen Bina Administrasi Kewilayahan', 'sekretariat', '593277eb017ecbe3d5bc8e552d68ff53', 4, 2, 1242, 0, '2020-02-25 19:32:43'),
(15, 'Bagian Perencanaan', 'bagren', '39e3d7b27e579caa0c2b978b2fe50de8', 4, 2, 1242, 12421, '2020-02-27 02:58:07'),
(16, 'Bagian Perundang-Undangan', 'bagianpuu', '0776698a6db3e982666031e3aca121c1', 4, 2, 1242, 12423, '2020-02-27 02:59:35'),
(17, 'Bagian Keuangan', 'keuangan', 'a4151d4b2856ec63368a7c784b1f0a6e', 4, 2, 1242, 12422, '2020-02-27 03:00:17'),
(18, 'Bagian Umum', 'bagianumum', '67d7e164f603f589f603c3302206af25', 4, 2, 1242, 12424, '2020-02-27 03:00:55');

-- --------------------------------------------------------

--
-- Table structure for table `tb_anggaran`
--

CREATE TABLE `tb_anggaran` (
  `id_ang` int(11) NOT NULL,
  `id_pagu` int(11) NOT NULL,
  `tang_1` float NOT NULL,
  `tang_2` float NOT NULL,
  `tang_3` float NOT NULL,
  `tang_4` float NOT NULL,
  `tang_5` float NOT NULL,
  `tang_6` float NOT NULL,
  `tang_7` float NOT NULL,
  `tang_8` float NOT NULL,
  `tang_9` float NOT NULL,
  `tang_10` float NOT NULL,
  `tang_11` float NOT NULL,
  `tang_12` float NOT NULL,
  `rang_1` float NOT NULL,
  `rang_2` float NOT NULL,
  `rang_3` float NOT NULL,
  `rang_4` float NOT NULL,
  `rang_5` float NOT NULL,
  `rang_6` float NOT NULL,
  `rang_7` float NOT NULL,
  `rang_8` float NOT NULL,
  `rang_9` float NOT NULL,
  `rang_10` float NOT NULL,
  `rang_11` float NOT NULL,
  `rang_12` float NOT NULL,
  `kendala` varchar(50) NOT NULL,
  `kendalalain` varchar(100) NOT NULL,
  `tindaklanjut` varchar(200) NOT NULL
) ENGINE=InnoDB DEFAULT CHARSET=latin1 COLLATE=latin1_swedish_ci;

--
-- Dumping data for table `tb_anggaran`
--

INSERT INTO `tb_anggaran` (`id_ang`, `id_pagu`, `tang_1`, `tang_2`, `tang_3`, `tang_4`, `tang_5`, `tang_6`, `tang_7`, `tang_8`, `tang_9`, `tang_10`, `tang_11`, `tang_12`, `rang_1`, `rang_2`, `rang_3`, `rang_4`, `rang_5`, `rang_6`, `rang_7`, `rang_8`, `rang_9`, `rang_10`, `rang_11`, `rang_12`, `kendala`, `kendalalain`, `tindaklanjut`) VALUES
(1, 1, 15000000, 15000000, 15000000, 15000000, 15000000, 15000000, 15000000, 15000000, 15000000, 15000000, 15000000, 15000000, 0, 0, 0, 0, 0, 0, 0, 217605000, 0, 0, 0, 0, 'Pengadaan Barang dan Jasa', '', 'Segera di periksa dokumen dari penyedia barang dan sekaligus dipercepat pengirimannya'),
(6, 4, 3280000, 3280000, 3280000, 3280000, 3280000, 3280000, 3280000, 3280000, 3280000, 3280000, 3280000, 3336000, 0, 0, 0, 0, 0, 0, 0, 39415300, 0, 0, 0, 0, '', '', ''),
(7, 5, 4400000, 6200000, 8600000, 12400000, 12600000, 15800000, 21200000, 20600000, 23400000, 20800000, 24000000, 30000000, 0, 0, 0, 0, 0, 0, 0, 30547300, 0, 0, 0, 0, '', '', ''),
(9, 6, 3300000, 4650000, 6450000, 9300000, 9450000, 11850000, 15900000, 15450000, 17550000, 15600000, 18000000, 22500000, 0, 0, 73672000, 0, 0, 44475000, 0, 0, 10125000, 0, 0, 0, '', '', ''),
(11, 10, 28720500, 40469900, 56135600, 80939800, 82245200, 103133000, 138381000, 134464000, 152741000, 135770000, 156658000, 195822000, 0, 0, 1020800000, 0, 0, 71747100, 0, 0, 128272000, 0, 0, 0, '', '', ''),
(13, 12, 6600000, 9300000, 12900000, 18600000, 18900000, 23700000, 31800000, 30900000, 35100000, 31200000, 36000000, 45000000, 0, 0, 0, 0, 0, 0, 0, 49715500, 0, 0, 0, 0, '', '', ''),
(15, 15, 4561280, 6427260, 8915260, 12854500, 13061100, 16379200, 21977900, 21355100, 24257700, 21562400, 24879700, 31099600, 8120000, 0, 0, 0, 0, 32783500, 0, 0, 54864600, 0, 0, 0, '', '', ''),
(16, 16, 10560000, 14880000, 20640000, 29760000, 30240000, 37920000, 50880000, 49440000, 56160000, 49920000, 57600000, 72000000, 0, 0, 45888000, 0, 0, 174249000, 0, 0, 35750800, 0, 0, 0, '', '', ''),
(17, 21, 10000000, 10000000, 10000000, 0, 0, 0, 10000000, 10000000, 13900000, 0, 0, 0, 0, 0, 0, 0, 0, 0, 0, 59640000, 0, 0, 0, 0, '', '', ''),
(19, 23, 0, 0, 0, 0, 0, 0, 0, 13309000, 2000, 0, 0, 0, 0, 0, 0, 0, 0, 0, 0, 13309000, 0, 0, 0, 0, '', '', ''),
(21, 25, 0, 0, 0, 0, 0, 0, 0, 330859000, 8521000, 0, 0, 0, 0, 0, 0, 0, 0, 0, 0, 330859000, 0, 0, 0, 0, '', '', ''),
(22, 26, 0, 0, 0, 0, 0, 0, 0, 33133000, 0, 0, 0, 0, 0, 0, 0, 0, 0, 0, 0, 33133400, 0, 0, 0, 0, '', '', ''),
(23, 27, 29213000, 62000000, 86000000, 0, 126000000, 158000000, 0, 206000000, 234000000, 0, 140000000, 0, 0, 0, 0, 0, 0, 0, 0, 230773000, 0, 0, 0, 0, '', '', ''),
(24, 28, 14300000, 20150000, 27950000, 40300000, 40950000, 51350000, 68900000, 66950000, 76050000, 67600000, 78000000, 97500000, 0, 0, 115300000, 0, 0, 18663400, 0, 0, 357858000, 0, 0, 0, '', '', ''),
(25, 29, 4400000, 6200000, 8600000, 12400000, 12600000, 15800000, 21200000, 20600000, 23400000, 20800000, 24000000, 30000000, 0, 0, 92618400, 0, 0, 39437400, 0, 0, 6483700, 0, 0, 0, '', '', ''),
(26, 31, 1248720, 1759560, 2440680, 3519120, 3575880, 4484040, 6016560, 5846280, 6640920, 5903040, 6811200, 8514000, 0, 0, 0, 0, 0, 0, 0, 0, 0, 0, 0, 0, '', '', ''),
(27, 33, 0, 0, 0, 0, 0, 0, 0, 126652000, 1000, 0, 0, 0, 0, 0, 0, 0, 0, 0, 0, 0, 126652000, 0, 0, 0, '', '', ''),
(28, 34, 3579930, 5044440, 6997130, 10088900, 10251600, 12855200, 17248700, 16760600, 19038700, 16923300, 19526900, 24408600, 0, 0, 17924000, 0, 0, 17918000, 0, 0, 17918000, 0, 0, 0, '', '', ''),
(29, 35, 7700000, 10850000, 15050000, 21700000, 22050000, 27650000, 37100000, 36050000, 40950000, 36400000, 42000000, 52500000, 0, 0, 83129500, 0, 0, 80504200, 0, 0, 53811100, 0, 0, 0, '', '', ''),
(30, 36, 0, 0, 0, 0, 0, 0, 0, 25424000, 0, 0, 0, 0, 0, 0, 0, 0, 0, 0, 0, 25423800, 0, 0, 0, 0, '', '', ''),
(31, 37, 0, 0, 0, 0, 0, 0, 0, 59982000, 0, 0, 0, 0, 0, 0, 0, 0, 0, 0, 0, 59981400, 0, 0, 0, 0, '', '', ''),
(32, 38, 0, 0, 0, 0, 0, 0, 0, 9740000, 0, 0, 0, 0, 0, 0, 0, 0, 0, 0, 0, 9739600, 0, 0, 0, 0, '', '', ''),
(33, 39, 0, 0, 0, 0, 0, 0, 0, 21300000, 0, 0, 0, 0, 0, 0, 0, 0, 0, 0, 0, 20300000, 0, 0, 0, 0, '', '', ''),
(35, 41, 0, 0, 0, 0, 0, 0, 0, 880000, 0, 0, 0, 0, 0, 0, 0, 0, 0, 0, 0, 880000, 0, 0, 0, 0, '', '', ''),
(37, 43, 0, 0, 0, 0, 0, 0, 0, 50034000, 0, 0, 0, 0, 0, 0, 0, 0, 0, 0, 0, 0, 50034000, 0, 0, 0, '', '', ''),
(40, 46, 0, 0, 0, 0, 0, 0, 0, 33138000, 0, 0, 0, 0, 0, 0, 0, 0, 0, 0, 0, 33137200, 0, 0, 0, 0, '', '', ''),
(41, 49, 41350000, 41350000, 41350000, 41350000, 41350000, 41350000, 41350000, 41350000, 41350000, 41350000, 41350000, 41388000, 0, 0, 0, 0, 0, 0, 0, 154639000, 0, 0, 0, 0, '', '', ''),
(42, 47, 0, 0, 0, 0, 0, 0, 0, 43302000, 0, 0, 0, 0, 0, 0, 0, 0, 0, 0, 0, 43301200, 0, 0, 0, 0, '', '', ''),
(44, 51, 17360000, 17360000, 17360000, 17360000, 17360000, 17360000, 17360000, 17360000, 17360000, 17360000, 17360000, 17454000, 0, 0, 0, 0, 0, 0, 0, 207814000, 0, 0, 0, 0, '', '', ''),
(46, 53, 2675000, 2675000, 2675000, 2675000, 2675000, 2675000, 2675000, 2675000, 2675000, 2675000, 2675000, 2676000, 0, 0, 0, 0, 0, 0, 0, 32100000, 0, 0, 0, 0, '', '', ''),
(47, 54, 1775000, 1775000, 1775000, 1775000, 1775000, 1775000, 1775000, 1775000, 1775000, 1775000, 1775000, 1775000, 0, 0, 0, 0, 0, 0, 0, 21300000, 0, 0, 0, 0, '', '', ''),
(48, 56, 9550000, 9550000, 9550000, 9550000, 9550000, 9550000, 9550000, 9550000, 9550000, 9550000, 9550000, 9644000, 0, 0, 0, 0, 0, 0, 0, 114964000, 0, 0, 0, 0, '', '', ''),
(49, 57, 0, 0, 0, 0, 0, 0, 0, 308238000, 0, 0, 0, 0, 0, 0, 0, 0, 0, 0, 0, 308236000, 0, 0, 0, 0, '', '', ''),
(51, 59, 0, 0, 0, 0, 0, 0, 0, 358483000, 0, 0, 0, 0, 0, 0, 0, 0, 0, 0, 0, 358283000, 0, 0, 0, 0, '', '', ''),
(52, 60, 0, 0, 0, 0, 0, 0, 0, 94866000, 0, 0, 0, 0, 0, 0, 0, 0, 0, 0, 0, 94865800, 0, 0, 0, 0, '', '', ''),
(54, 62, 0, 0, 0, 0, 0, 0, 0, 23488000, 0, 0, 0, 0, 0, 0, 0, 0, 0, 0, 0, 23487300, 0, 0, 0, 0, '', '', ''),
(55, 63, 0, 0, 0, 0, 0, 0, 0, 17108000, 0, 0, 0, 0, 0, 0, 0, 0, 0, 0, 0, 17108000, 0, 0, 0, 0, '', '', ''),
(56, 64, 20800000, 20800000, 20800000, 20800000, 20800000, 20800000, 20800000, 20800000, 20800000, 20800000, 20800000, 21139000, 0, 0, 0, 0, 0, 0, 0, 249938000, 0, 0, 0, 0, '', '', ''),
(57, 65, 0, 0, 0, 0, 0, 0, 0, 18552000, 0, 0, 0, 0, 0, 0, 0, 0, 0, 0, 0, 18551600, 0, 0, 0, 0, '', '', ''),
(59, 67, 0, 0, 0, 0, 0, 0, 0, 15076000, 0, 0, 0, 0, 0, 0, 0, 0, 0, 0, 0, 15076000, 0, 0, 0, 0, '', '', ''),
(60, 69, 0, 0, 0, 0, 0, 0, 0, 42600000, 0, 0, 0, 0, 0, 0, 0, 0, 0, 0, 0, 42600000, 0, 0, 0, 0, '', '', ''),
(62, 71, 0, 0, 0, 0, 0, 0, 0, 19300000, 0, 0, 0, 0, 0, 0, 0, 0, 0, 0, 0, 17040000, 0, 0, 0, 0, '', '', ''),
(66, 73, 0, 0, 0, 0, 0, 0, 0, 17013000, 0, 0, 0, 0, 0, 0, 0, 0, 0, 0, 0, 17013000, 0, 0, 0, 0, '', '', ''),
(68, 2, 19700000, 19700000, 19700000, 19700000, 19700000, 19700000, 19700000, 19700000, 19700000, 19700000, 19700000, 20216000, 0, 0, 0, 0, 0, 0, 0, 236916000, 0, 0, 0, 0, '', '', ''),
(69, 7, 0, 0, 0, 0, 0, 0, 0, 144635000, 0, 0, 0, 0, 0, 0, 0, 0, 0, 0, 0, 144635000, 0, 0, 0, 0, '', '', ''),
(70, 8, 50000000, 0, 0, 50000000, 0, 0, 0, 49100000, 0, 0, 0, 0, 0, 0, 0, 0, 0, 0, 0, 149100000, 0, 0, 0, 0, '', '', ''),
(71, 9, 100000000, 0, 100000000, 0, 100000000, 0, 100000000, 0, 104965000, 0, 0, 0, 0, 0, 0, 0, 0, 0, 0, 450814000, 0, 0, 0, 0, '', '', ''),
(72, 13, 40000000, 0, 0, 0, 0, 0, 0, 45105000, 0, 0, 0, 0, 0, 0, 0, 0, 0, 0, 0, 85104900, 0, 0, 0, 0, '', '', ''),
(73, 14, 50000000, 0, 0, 50000000, 0, 0, 50000000, 0, 0, 50000000, 0, 68391000, 0, 0, 0, 0, 0, 0, 0, 268390000, 0, 0, 0, 0, '', '', ''),
(74, 17, 10000000, 10000000, 10000000, 10000000, 10000000, 10000000, 10000000, 11315000, 0, 0, 0, 0, 0, 0, 0, 0, 0, 0, 0, 77055000, 0, 0, 0, 0, '', '', ''),
(75, 18, 10000000, 10000000, 10000000, 10000000, 10000000, 10000000, 10000000, 10000000, 10000000, 10000000, 10000000, 63493000, 0, 0, 0, 0, 0, 0, 0, 173493000, 0, 0, 0, 0, '', '', ''),
(76, 19, 0, 0, 0, 0, 0, 0, 0, 7961000, 0, 0, 0, 0, 0, 0, 0, 0, 0, 0, 0, 7961000, 0, 0, 0, 0, '', '', ''),
(77, 20, 0, 0, 0, 0, 0, 0, 0, 3742970000, 0, 0, 0, 0, 0, 0, 0, 0, 0, 0, 0, 3415740000, 0, 0, 0, 0, '', '', ''),
(79, 30, 0, 0, 0, 0, 0, 0, 0, 61530200, 0, 0, 35000000, 0, 0, 0, 0, 0, 0, 0, 0, 61530200, 0, 0, 0, 0, '', '', ''),
(80, 32, 0, 0, 0, 0, 0, 0, 0, 63191400, 0, 0, 0, 0, 0, 0, 0, 0, 0, 0, 0, 63191400, 0, 0, 0, 0, '', '', ''),
(81, 125, 0, 0, 0, 0, 0, 0, 0, 28590000, 0, 0, 0, 0, 0, 0, 0, 0, 0, 0, 0, 28590000, 0, 0, 0, 0, '', '', ''),
(82, 126, 0, 0, 0, 0, 0, 0, 0, 230725000, 0, 44396000, 0, 0, 0, 0, 0, 0, 0, 0, 0, 230725000, 0, 0, 0, 0, '', '', ''),
(83, 127, 0, 0, 0, 0, 0, 0, 0, 237395000, 0, 0, 0, 0, 0, 0, 0, 0, 0, 0, 0, 237395000, 0, 0, 0, 0, '', '', ''),
(84, 128, 0, 0, 0, 0, 0, 0, 0, 776409000, 0, 0, 0, 0, 0, 0, 0, 0, 0, 0, 0, 776409000, 0, 0, 0, 0, '', '', ''),
(85, 129, 0, 0, 0, 0, 0, 0, 0, 1215000, 0, 0, 0, 0, 0, 0, 0, 0, 0, 0, 0, 1215000, 0, 0, 0, 0, '', '', ''),
(86, 130, 175083, 175087, 175083, 175083, 175083, 175083, 175083, 175083, 175083, 175083, 175083, 175083, 0, 0, 0, 0, 0, 0, 0, 2101000, 0, 0, 0, 0, '', '', ''),
(87, 133, 1000000, 1000000, 1000000, 1000000, 1000000, 1000000, 1000000, 1000000, 1000000, 1000000, 1000000, 1550000, 0, 0, 0, 0, 0, 0, 0, 12550000, 0, 0, 0, 0, '', '', ''),
(88, 135, 0, 0, 0, 0, 0, 0, 0, 39266000, 0, 140062000, 0, 0, 0, 0, 0, 0, 0, 0, 0, 39266600, 0, 0, 0, 0, '', '', ''),
(89, 136, 0, 0, 0, 0, 0, 0, 0, 287396000, 0, 0, 0, 0, 0, 0, 0, 0, 0, 0, 0, 287396000, 0, 0, 0, 0, '', '', ''),
(90, 137, 0, 0, 0, 0, 0, 0, 0, 322963000, 0, 0, 127429000, 0, 0, 0, 0, 0, 0, 0, 0, 322963000, 0, 0, 0, 0, '', '', ''),
(91, 138, 0, 0, 0, 0, 0, 0, 0, 394223000, 0, 31651000, 0, 0, 0, 0, 0, 0, 0, 0, 0, 394223000, 0, 0, 0, 0, '', '', ''),
(92, 139, 0, 0, 0, 0, 0, 0, 0, 167343000, 0, 0, 0, 0, 0, 0, 0, 0, 0, 0, 0, 146192000, 0, 0, 0, 0, '', '', ''),
(93, 140, 0, 0, 0, 0, 0, 0, 0, 594311000, 0, 0, 0, 0, 0, 0, 0, 0, 0, 0, 0, 455909000, 0, 0, 0, 0, '', '', ''),
(94, 141, 0, 0, 0, 0, 0, 0, 0, 60415000, 0, 0, 0, 0, 0, 0, 0, 0, 0, 0, 0, 52354500, 0, 0, 0, 0, '', '', ''),
(95, 142, 0, 0, 0, 0, 0, 0, 0, 900164000, 0, 0, 0, 0, 0, 0, 0, 0, 0, 0, 0, 784008000, 0, 0, 0, 0, '', '', ''),
(96, 143, 0, 0, 0, 0, 0, 0, 0, 108702000, 0, 0, 0, 0, 0, 0, 0, 0, 0, 0, 0, 108701000, 0, 0, 0, 0, '', '', ''),
(97, 144, 0, 0, 0, 0, 0, 0, 0, 217192000, 0, 0, 0, 0, 0, 0, 0, 0, 0, 0, 0, 146880000, 0, 0, 0, 0, '', '', ''),
(98, 145, 0, 0, 0, 0, 0, 0, 0, 769000000, 0, 0, 0, 0, 0, 0, 0, 0, 0, 0, 0, 769000000, 0, 0, 0, 0, '', '', ''),
(99, 146, 0, 0, 0, 0, 0, 0, 0, 3244750000, 0, 0, 0, 0, 0, 0, 0, 0, 0, 0, 0, 3244750000, 0, 0, 0, 0, '', '', ''),
(100, 147, 0, 0, 0, 0, 0, 0, 0, 330000000, 0, 0, 0, 0, 0, 0, 0, 0, 0, 0, 0, 327250000, 0, 0, 0, 0, '', '', ''),
(101, 148, 3000000000, 3000000000, 3000000000, 3000000000, 3000000000, 3000000000, 3000000000, 3000000000, 3000000000, 3000000000, 3000000000, 4040800000, 0, 0, 0, 0, 0, 0, 0, 21391900000, 0, 0, 0, 0, '', '', ''),
(102, 149, 614000000, 614000000, 614000000, 614000000, 614000000, 614000000, 614000000, 614000000, 614000000, 614000000, 614000000, 620730000, 0, 0, 0, 0, 0, 0, 0, 4920780000, 0, 0, 0, 0, '', '', ''),
(103, 115, 5300000, 5300000, 5300000, 5300000, 5300000, 5300000, 5300000, 5300000, 5300000, 5300000, 5300000, 5361000, 0, 0, 0, 0, 0, 0, 0, 63660000, 0, 0, 0, 0, '', '', ''),
(104, 116, 12820000, 12820000, 12820000, 12820000, 12820000, 12820000, 12820000, 12820000, 12820000, 12820000, 12820000, 12907000, 0, 0, 0, 0, 0, 0, 0, 153925000, 0, 0, 0, 0, '', '', ''),
(105, 117, 7190000, 7190000, 7190000, 7190000, 7190000, 7190000, 7190000, 7190000, 7190000, 7190000, 7190000, 7232000, 0, 0, 0, 0, 0, 0, 0, 85322000, 0, 0, 0, 0, '', '', ''),
(106, 120, 7670000, 7670000, 7670000, 7670000, 7670000, 7670000, 7670000, 7670000, 7670000, 7670000, 7670000, 7768000, 0, 0, 0, 0, 0, 0, 0, 92137300, 0, 0, 0, 0, '', '', ''),
(107, 121, 32700000, 32700000, 32700000, 32700000, 32700000, 32700000, 32700000, 32700000, 32700000, 32700000, 32700000, 32713000, 0, 0, 0, 0, 0, 0, 0, 392512000, 0, 0, 0, 0, '', '', ''),
(108, 122, 10400000, 10400000, 10400000, 10400000, 10400000, 10400000, 10400000, 10400000, 10400000, 10400000, 10400000, 10595000, 0, 0, 0, 0, 0, 0, 0, 124995000, 0, 0, 0, 0, '', '', ''),
(109, 123, 18100000, 17000000, 17000000, 17000000, 17000000, 17000000, 17000000, 17000000, 17000000, 17000000, 17000000, 17000000, 0, 0, 0, 0, 0, 0, 0, 204999000, 0, 0, 0, 0, '', '', ''),
(110, 124, 63800000, 63800000, 63800000, 63800000, 63800000, 63800000, 63800000, 63800000, 63800000, 63800000, 63800000, 64536000, 0, 0, 0, 0, 0, 0, 0, 192418000, 0, 0, 0, 0, '', '', ''),
(111, 86, 9950000, 9950000, 9950000, 9950000, 9950000, 9950000, 9950000, 9950000, 9950000, 9950000, 9950000, 10129000, 0, 0, 0, 0, 0, 0, 0, 119578000, 0, 0, 0, 0, '', '', ''),
(112, 87, 4295000, 4295000, 4295000, 4295000, 4295000, 4295000, 4295000, 4295000, 4295000, 4295000, 4295000, 4303000, 0, 0, 0, 0, 0, 0, 0, 51548000, 0, 0, 0, 0, '', '', ''),
(113, 90, 0, 0, 0, 0, 0, 0, 0, 11161800, 0, 0, 0, 0, 0, 0, 0, 0, 0, 0, 0, 11161800, 0, 0, 0, 0, '', '', ''),
(114, 92, 0, 0, 0, 0, 0, 0, 0, 32986000, 0, 0, 0, 0, 0, 0, 0, 0, 0, 0, 0, 32967300, 0, 0, 0, 0, '', '', ''),
(115, 94, 0, 0, 0, 0, 0, 0, 0, 807884000, 0, 0, 0, 0, 0, 0, 0, 0, 0, 0, 0, 807882000, 0, 0, 0, 0, '', '', ''),
(116, 95, 0, 0, 0, 0, 0, 0, 0, 35010000, 0, 0, 0, 0, 0, 0, 0, 0, 0, 0, 0, 35009700, 0, 0, 0, 0, '', '', ''),
(117, 96, 0, 0, 0, 0, 0, 0, 0, 549607000, 0, 0, 0, 0, 0, 0, 0, 0, 0, 0, 0, 0, 0, 0, 0, 0, '', '', ''),
(118, 108, 0, 0, 0, 0, 0, 0, 0, 33803000, 0, 0, 0, 0, 0, 0, 0, 0, 0, 0, 0, 33802400, 0, 0, 0, 0, '', '', ''),
(119, 110, 0, 0, 0, 0, 0, 0, 0, 112910000, 0, 0, 0, 0, 0, 0, 0, 0, 0, 0, 0, 112910000, 0, 0, 0, 0, '', '', ''),
(120, 112, 0, 0, 0, 0, 0, 0, 0, 94376000, 0, 0, 0, 0, 0, 0, 0, 0, 0, 0, 0, 94375600, 0, 0, 0, 0, '', '', ''),
(121, 114, 180580000, 180580000, 180580000, 180580000, 180580000, 180580000, 180580000, 180580000, 180580000, 180580000, 180580000, 180586000, 0, 0, 0, 0, 0, 0, 0, 134305000, 0, 0, 0, 0, '', '', ''),
(122, 50, 0, 0, 0, 0, 0, 0, 0, 766589000, 0, 0, 0, 0, 0, 0, 0, 0, 0, 0, 0, 76588800, 0, 0, 0, 0, '', '', ''),
(123, 55, 0, 0, 0, 0, 0, 0, 0, 19090000, 0, 0, 0, 0, 0, 0, 0, 0, 0, 0, 0, 19090000, 0, 0, 0, 0, '', '', ''),
(124, 72, 0, 0, 0, 0, 0, 0, 0, 59389000, 0, 0, 0, 0, 0, 0, 0, 0, 0, 0, 0, 59388400, 0, 0, 0, 0, '', '', ''),
(125, 75, 0, 0, 0, 0, 0, 0, 0, 46221000, 0, 0, 0, 0, 0, 0, 0, 0, 0, 0, 0, 46220300, 0, 0, 0, 0, '', '', ''),
(126, 77, 0, 0, 0, 0, 0, 0, 0, 10332000, 0, 0, 0, 0, 0, 0, 0, 0, 0, 0, 0, 10331500, 0, 0, 0, 0, '', '', ''),
(127, 78, 89800500, 89800500, 89800500, 89800500, 89800500, 89800500, 89800500, 89800500, 89800500, 89800500, 89800500, 90196500, 0, 0, 0, 0, 0, 0, 0, 1072600000, 0, 0, 0, 0, '', '', ''),
(128, 79, 0, 0, 0, 0, 0, 0, 0, 29543000, 0, 0, 0, 0, 0, 0, 0, 0, 0, 0, 0, 29542300, 0, 0, 0, 0, '', '', ''),
(129, 80, 0, 0, 0, 0, 0, 0, 0, 37996000, 0, 0, 0, 0, 0, 0, 0, 0, 0, 0, 0, 37595200, 0, 0, 0, 0, '', '', ''),
(130, 82, 0, 0, 0, 0, 0, 0, 0, 64612000, 0, 0, 0, 0, 0, 0, 0, 0, 0, 0, 0, 64611700, 0, 0, 0, 0, '', '', ''),
(131, 83, 0, 0, 0, 0, 0, 0, 0, 55855000, 0, 0, 0, 0, 0, 0, 0, 0, 0, 0, 0, 55854400, 0, 0, 0, 0, '', '', ''),
(132, 85, 65360000, 65360000, 65360000, 65360000, 65360000, 65360000, 65360000, 65360000, 65360000, 65360000, 65360000, 65412000, 0, 0, 0, 0, 0, 0, 0, 144451000, 0, 0, 0, 0, '', '', '');

-- --------------------------------------------------------

--
-- Table structure for table `tb_indikator`
--

CREATE TABLE `tb_indikator` (
  `id_indikator` int(11) NOT NULL,
  `tahun` varchar(4) NOT NULL,
  `id_dir` int(11) NOT NULL,
  `id_subdir` int(11) NOT NULL,
  `indikator` varchar(200) NOT NULL,
  `target` int(11) NOT NULL,
  `satuan` varchar(50) NOT NULL,
  `rkel_1` int(11) NOT NULL,
  `rkel_2` int(11) NOT NULL,
  `rkel_3` int(11) NOT NULL,
  `rkel_4` int(11) NOT NULL,
  `rkel_5` int(11) NOT NULL,
  `rkel_6` int(11) NOT NULL,
  `rkel_7` int(11) NOT NULL,
  `rkel_8` int(11) NOT NULL,
  `rkel_9` int(11) NOT NULL,
  `rkel_10` int(11) NOT NULL,
  `rkel_11` int(11) NOT NULL,
  `rkel_12` int(11) NOT NULL,
  `rprosen_1` int(11) NOT NULL,
  `rprosen_2` int(11) NOT NULL,
  `rprosen_3` int(11) NOT NULL,
  `rprosen_4` int(11) NOT NULL,
  `rprosen_5` int(11) NOT NULL,
  `rprosen_6` int(11) NOT NULL,
  `rprosen_7` int(11) NOT NULL,
  `rprosen_8` int(11) NOT NULL,
  `rprosen_9` int(11) NOT NULL,
  `rprosen_10` int(11) NOT NULL,
  `rprosen_11` int(11) NOT NULL,
  `rprosen_12` int(11) NOT NULL,
  `rnilai_1` float NOT NULL,
  `rnilai_2` float NOT NULL,
  `rnilai_3` float NOT NULL,
  `rnilai_4` float NOT NULL,
  `rnilai_5` float NOT NULL,
  `rnilai_6` float NOT NULL,
  `rnilai_7` float NOT NULL,
  `rnilai_8` float NOT NULL,
  `rnilai_9` float NOT NULL,
  `rnilai_10` float NOT NULL,
  `rnilai_11` float NOT NULL,
  `rnilai_12` float NOT NULL,
  `kendala` varchar(50) NOT NULL,
  `kendalalain` varchar(100) NOT NULL,
  `tindaklanjut` varchar(200) NOT NULL
) ENGINE=InnoDB DEFAULT CHARSET=latin1 COLLATE=latin1_swedish_ci;

--
-- Dumping data for table `tb_indikator`
--

INSERT INTO `tb_indikator` (`id_indikator`, `tahun`, `id_dir`, `id_subdir`, `indikator`, `target`, `satuan`, `rkel_1`, `rkel_2`, `rkel_3`, `rkel_4`, `rkel_5`, `rkel_6`, `rkel_7`, `rkel_8`, `rkel_9`, `rkel_10`, `rkel_11`, `rkel_12`, `rprosen_1`, `rprosen_2`, `rprosen_3`, `rprosen_4`, `rprosen_5`, `rprosen_6`, `rprosen_7`, `rprosen_8`, `rprosen_9`, `rprosen_10`, `rprosen_11`, `rprosen_12`, `rnilai_1`, `rnilai_2`, `rnilai_3`, `rnilai_4`, `rnilai_5`, `rnilai_6`, `rnilai_7`, `rnilai_8`, `rnilai_9`, `rnilai_10`, `rnilai_11`, `rnilai_12`, `kendala`, `kendalalain`, `tindaklanjut`) VALUES
(1, '2019', 1237, 1, 'Jumlah tugas dan wewenang yang dilaksanakan GWPP sesuai peraturan', 1, '5', 0, 0, 0, 0, 0, 1, 0, 0, 0, 0, 0, 0, 0, 0, 0, 0, 0, 0, 0, 0, 0, 0, 0, 0, 0, 0, 0, 0, 0, 0, 0, 0, 0, 0, 0, 0, '', '', ''),
(4, '2019', 1237, 1, 'Jumlah kebijakan/regulasi bidang Gubernur sebagai Wakil Pemerintah Pusat', 3, '7', 0, 0, 0, 0, 0, 0, 0, 0, 0, 0, 0, 0, 0, 0, 0, 0, 0, 0, 0, 0, 0, 0, 0, 0, 0, 0, 0, 0, 0, 0, 0, 0, 0, 0, 0, 0, '', '', ''),
(5, '2019', 1237, 12371, 'Jumlah rumusan kebijakan  bidang peningkatan peran Gubernur sebagai Wakil Pemerintah', 4, '7', 0, 0, 0, 0, 0, 0, 0, 0, 4, 0, 0, 0, 0, 0, 0, 0, 0, 0, 0, 0, 0, 0, 0, 0, 0, 0, 0, 0, 0, 0, 0, 0, 0, 0, 0, 0, '', '', ''),
(6, '2019', 1237, 12371, 'Jumlah tugas dan wewenang yang dilaksanakan oleh GWPP sesuai peraturan', 1, '5', 0, 0, 0, 0, 0, 0, 0, 0, 1, 0, 0, 0, 0, 0, 0, 0, 0, 0, 0, 0, 0, 0, 0, 0, 0, 0, 0, 0, 0, 0, 0, 0, 0, 0, 0, 0, '', '', ''),
(7, '2019', 1237, 12372, 'Jumlah Kebijakan/regulasi bidang dekonsentrasi, tugas pembantuan', 1, '11', 0, 0, 0, 0, 0, 0, 0, 0, 1, 0, 0, 0, 0, 0, 0, 0, 0, 0, 0, 0, 0, 0, 0, 0, 0, 0, 0, 0, 0, 0, 0, 0, 0, 0, 0, 0, '', '', ''),
(8, '2019', 1237, 12372, 'Jumlah jenis Dekonsentrasi dan Tugas Pembantuan yang dievaluasi berdasarkan prinsip dekonsentrasi dan tugas pembantuan', 50, '12', 0, 0, 0, 0, 0, 0, 0, 0, 50, 0, 0, 0, 0, 0, 0, 0, 0, 0, 0, 0, 0, 0, 0, 0, 0, 0, 0, 0, 0, 0, 0, 0, 0, 0, 0, 0, '', '', ''),
(10, '2019', 1237, 12372, 'Pelayanan administrasi dan tugas teknis lainnya unit eselon II', 1, '8', 0, 0, 0, 0, 0, 0, 0, 0, 1, 0, 0, 0, 0, 0, 0, 0, 0, 0, 0, 0, 0, 0, 0, 0, 0, 0, 0, 0, 0, 0, 0, 0, 0, 0, 0, 0, '', '', ''),
(11, '2019', 1237, 12373, 'Jumlah kebijakan/regulasi bidang kerjasama daerah', 1, '6', 0, 0, 0, 0, 0, 0, 0, 0, 1, 0, 0, 0, 0, 0, 0, 0, 0, 0, 0, 0, 0, 0, 0, 0, 0, 0, 0, 0, 0, 0, 0, 0, 0, 0, 0, 0, '', '', ''),
(12, '2019', 1237, 12373, 'Jumlah Daerah Yang Melaksanakan Kerja Sama yang bersifat Wajib sesuai standar', 3, '9', 0, 0, 0, 0, 0, 0, 0, 0, 3, 0, 0, 0, 0, 0, 0, 0, 0, 0, 0, 0, 0, 0, 0, 0, 0, 0, 0, 0, 0, 0, 0, 0, 0, 0, 0, 0, '', '', ''),
(13, '2019', 1237, 12373, 'Penyusunan kesepakatan kerjasama Pemerintah Daerah dengan dunia usaha dalam pemanfaatan lulusan sekolah vokasi (PN)', 3, '4', 0, 0, 0, 0, 0, 0, 0, 0, 1, 0, 0, 0, 0, 0, 0, 0, 0, 0, 0, 0, 0, 0, 0, 0, 0, 0, 0, 0, 0, 0, 0, 0, 0, 0, 0, 0, '', '', ''),
(14, '2019', 1237, 12374, 'PTSP Prima di daerah (PN)', 75, '10', 0, 0, 0, 0, 0, 0, 0, 0, 39, 0, 0, 0, 0, 0, 0, 0, 0, 0, 0, 0, 0, 0, 0, 0, 0, 0, 0, 0, 0, 0, 0, 0, 0, 0, 0, 0, '', '', ''),
(15, '2019', 1237, 12374, 'Sistem e-monev PTSP yang terintegrasi (PN)', 34, '4', 0, 0, 0, 0, 0, 0, 0, 0, 20, 0, 0, 0, 0, 0, 0, 0, 0, 0, 0, 0, 0, 0, 0, 0, 0, 0, 0, 0, 0, 0, 0, 0, 0, 0, 0, 0, '', '', ''),
(16, '2019', 1237, 12375, 'Jumlah Kabupaten / Kota yang menerapkan PATEN', 60, '10', 0, 0, 0, 0, 0, 0, 0, 0, 35, 0, 0, 0, 0, 0, 0, 0, 0, 0, 0, 0, 0, 0, 0, 0, 0, 0, 0, 0, 0, 0, 0, 0, 0, 0, 0, 0, '', '', ''),
(17, '2019', 1237, 12375, 'Jumlah kebijakan/regulasi bidang pembinaan kecamatan', 5, '6', 0, 0, 0, 0, 0, 0, 0, 0, 5, 0, 0, 0, 0, 0, 0, 0, 0, 0, 0, 0, 0, 0, 0, 0, 0, 0, 0, 0, 0, 0, 0, 0, 0, 0, 0, 0, '', '', ''),
(18, '2019', 1239, 12391, 'Jumlah kebijakan/regulasi bidang Polisi Pamong Praja ', 2, '6', 0, 0, 0, 0, 0, 0, 0, 0, 2, 0, 0, 0, 0, 0, 0, 0, 0, 0, 0, 0, 0, 0, 0, 0, 0, 0, 0, 0, 0, 0, 0, 0, 0, 0, 0, 0, '', '', ''),
(19, '2019', 1239, 12391, 'Jumlah daerah Kabupaten/kota yang mempunyai aparatur Satpol PP yang sesuai standar', 34, '4', 0, 0, 0, 0, 0, 0, 0, 0, 0, 0, 0, 0, 0, 0, 0, 0, 0, 0, 0, 0, 0, 0, 0, 0, 0, 0, 0, 0, 0, 0, 0, 0, 0, 0, 0, 0, '', '', ''),
(20, '2019', 1239, 12391, 'Persentase daerah yang memberikan pelayanan dasar sesuai SPM Subbidang Trantibum', 135, '13', 0, 0, 0, 0, 0, 0, 0, 0, 0, 0, 0, 0, 0, 0, 0, 0, 0, 0, 0, 0, 0, 0, 0, 0, 0, 0, 0, 0, 0, 0, 0, 0, 0, 0, 0, 0, '', '', ''),
(21, '2020', 1239, 12391, 'Jumlah daerah yang melaksanakan sistem dan prosedur operasional penyelenggaraan bidang ketentraman, ketertiban dan perlindungan masyarakat', 34, '13', 0, 0, 0, 0, 0, 0, 0, 0, 34, 0, 0, 0, 0, 0, 0, 0, 0, 0, 0, 0, 0, 0, 0, 0, 0, 0, 0, 0, 0, 0, 0, 0, 0, 0, 0, 0, '', '', ''),
(22, '2019', 1239, 12392, 'Jumlah Kebijakan/regulasi/pedoman bidang Polisi Pamong Praja', 5, '6', 0, 0, 0, 0, 0, 0, 0, 0, 5, 0, 0, 0, 0, 0, 0, 0, 0, 0, 0, 0, 0, 0, 0, 0, 0, 0, 0, 0, 0, 0, 0, 0, 0, 0, 0, 0, '', '', ''),
(23, '2019', 1239, 12392, 'Jumlah daerah Kabupaten/kota yang mempunyai aparatur Satpol PP yang sesuai standar', 450, '1', 0, 0, 0, 0, 0, 0, 0, 0, 450, 0, 0, 0, 0, 0, 0, 0, 0, 0, 0, 0, 0, 0, 0, 0, 0, 0, 0, 0, 0, 0, 0, 0, 0, 0, 0, 0, '', '', ''),
(24, '2019', 1239, 12392, 'Jumlah daerah yang diberikan pembekalan Satpol PP dan Satlinmas untuk pemeliharaan trantibumlinmas dalam rangka pemilu (PN)', 34, '4', 0, 0, 0, 0, 0, 0, 0, 0, 34, 0, 0, 0, 0, 0, 0, 0, 0, 0, 0, 0, 0, 0, 0, 0, 0, 0, 0, 0, 0, 0, 0, 0, 0, 0, 0, 0, '', '', ''),
(25, '2019', 1239, 12392, 'Jumlah daerah yang melaksanakan sistem dan prosedur operasional penyelenggaraan bidang ketentraman, ketertiban dan perlindungan masyarakat', 7, '4', 0, 0, 0, 0, 0, 0, 0, 0, 7, 0, 0, 0, 0, 0, 0, 0, 0, 0, 0, 0, 0, 0, 0, 0, 0, 0, 0, 0, 0, 0, 0, 0, 0, 0, 0, 0, '', '', ''),
(26, '2019', 1239, 12392, 'Persentase daerah yang memberikan pelayanan dasar sesuai SPM Subbidang Trantibum', 39, '13', 0, 0, 0, 0, 0, 0, 0, 0, 0, 0, 0, 0, 0, 0, 0, 0, 0, 0, 0, 0, 0, 0, 0, 0, 0, 0, 0, 0, 0, 0, 0, 0, 0, 0, 0, 0, '', '', ''),
(27, '2019', 1239, 12393, 'Jumlah kebijakan/regulasi bidang Perlindungan Masyarakat', 1, '7', 0, 0, 0, 0, 0, 0, 0, 0, 1, 0, 0, 0, 0, 0, 0, 0, 0, 0, 0, 0, 0, 0, 0, 0, 0, 0, 0, 0, 0, 0, 0, 0, 0, 0, 0, 0, '', '', ''),
(28, '2019', 1239, 12393, 'Jumlah daerah Kabupaten/kota yang mempunyai aparatur  Satlinmas yang sesuai standar', 100, '1', 0, 0, 0, 0, 0, 0, 0, 0, 100, 0, 0, 0, 0, 0, 0, 0, 0, 0, 0, 0, 0, 0, 0, 0, 0, 0, 0, 0, 0, 0, 0, 0, 0, 0, 0, 0, '', '', ''),
(29, '2019', 1239, 12393, 'Jumlah daerah yang diberikan pembekalan Satpol PP dan Satlinmas untuk pemeliharaan trantibumlinmas dalam ragka pemilu (PN)', 34, '4', 0, 0, 0, 0, 0, 0, 0, 0, 34, 0, 0, 0, 0, 0, 0, 0, 0, 0, 0, 0, 0, 0, 0, 0, 0, 0, 0, 0, 0, 0, 0, 0, 0, 0, 0, 0, '', '', ''),
(30, '2019', 1239, 12393, 'Jumlah daerah yang melaksanakan sistem dan prosedur operasional penyelenggaraan bidang ketentraman, ketertiban dan perlindungan masyarakat', 15, '13', 0, 0, 0, 0, 0, 0, 0, 0, 0, 0, 0, 0, 0, 0, 0, 0, 0, 0, 0, 0, 0, 0, 0, 0, 0, 0, 0, 0, 0, 0, 0, 0, 0, 0, 0, 0, '', '', ''),
(31, '2019', 1239, 12393, 'Persentase daerah yang memberikan pelayanan dasar sesuai SPM Subbidang Trantibum', 78, '13', 0, 0, 0, 0, 0, 0, 0, 0, 0, 0, 0, 0, 0, 0, 0, 0, 0, 0, 0, 0, 0, 0, 0, 0, 0, 0, 0, 0, 0, 0, 0, 0, 0, 0, 0, 0, '', '', ''),
(32, '2019', 1239, 12393, 'Daerah yang telah memfasilitasi 5P (penghormatan, pemajuan, pemenuhan, penegakan dan perlindungan) HAM, fasilitasi konvensi internasional', 1, '14', 0, 0, 0, 0, 0, 0, 0, 0, 1, 0, 0, 0, 0, 0, 0, 0, 0, 0, 0, 0, 0, 0, 0, 0, 0, 0, 0, 0, 0, 0, 0, 0, 0, 0, 0, 0, '', '', ''),
(33, '2019', 1239, 12394, 'Jumlah daerah kabupaten/kota yang mempunyai aparatur PPNS yang sesuai standar', 400, '1', 0, 0, 0, 0, 0, 0, 0, 0, 342, 0, 0, 0, 0, 0, 0, 0, 0, 0, 0, 0, 0, 0, 0, 0, 0, 0, 0, 0, 0, 0, 0, 0, 0, 0, 0, 0, '', '', ''),
(34, '2019', 1239, 12394, 'Jumlah daerah yang melaksanakan sistem dan prosedur operasional penyelenggaraan bidang trantibumlinmas', 34, '13', 0, 0, 0, 0, 0, 0, 0, 0, 34, 0, 0, 0, 0, 0, 0, 0, 0, 0, 0, 0, 0, 0, 0, 0, 0, 0, 0, 0, 0, 0, 0, 0, 0, 0, 0, 0, '', '', ''),
(35, '2019', 1239, 12394, 'Persentase daerah yang memberikan pelayanan dasar sesuai SPM Subbidang Trantibum', 58, '13', 0, 0, 0, 0, 0, 0, 0, 0, 0, 0, 0, 0, 0, 0, 0, 0, 0, 0, 0, 0, 0, 0, 0, 0, 0, 0, 0, 0, 0, 0, 0, 0, 0, 0, 0, 0, '', '', ''),
(36, '2019', 1239, 12394, 'Persentase pelayanan administrasi dan tugas teknis lainnya', 1, '8', 0, 0, 0, 0, 0, 0, 0, 0, 1, 0, 0, 0, 0, 0, 0, 0, 0, 0, 0, 0, 0, 0, 0, 0, 0, 0, 0, 0, 0, 0, 0, 0, 0, 0, 0, 0, '', '', ''),
(37, '2019', 1239, 12395, 'Jumlah kebijakan/regulasi bidang Polisi Pamong Praja  ', 1, '6', 0, 0, 0, 0, 0, 0, 0, 0, 1, 0, 0, 0, 0, 0, 0, 0, 0, 0, 0, 0, 0, 0, 0, 0, 0, 0, 0, 0, 0, 0, 0, 0, 0, 0, 0, 0, '', '', ''),
(38, '2019', 1239, 12395, 'Jumlah daerah kabupaten/kota yang mempunyai aparatur Pol PP yang sesuai standar', 100, '1', 0, 0, 0, 0, 0, 0, 0, 0, 100, 0, 0, 0, 0, 0, 0, 0, 0, 0, 0, 0, 0, 0, 0, 0, 0, 0, 0, 0, 0, 0, 0, 0, 0, 0, 0, 0, '', '', ''),
(39, '2019', 1239, 12395, 'Persentase daerah yang telah memfasilitasi 5P (penghormatan, pemajuan, pemenuhan, penegakan dan perlindungan) HAM, fasilitasi konvensi internasional', 100, '15', 0, 0, 0, 0, 0, 0, 0, 0, 50, 0, 0, 0, 0, 0, 0, 0, 0, 0, 0, 0, 0, 0, 0, 0, 0, 0, 0, 0, 0, 0, 0, 0, 0, 0, 0, 0, '', '', ''),
(40, '2019', 1241, 12411, 'Jumlah segmen batas antar daerah yang ditetapkan dengan Permendagri', 17, '16', 0, 0, 0, 0, 0, 0, 0, 0, 17, 0, 0, 0, 0, 0, 0, 0, 0, 0, 0, 0, 0, 0, 0, 0, 0, 0, 0, 0, 0, 0, 0, 0, 0, 0, 0, 0, '', '', ''),
(41, '2019', 1241, 12411, 'Jumlah Daerah yang diasistensi dan supervisi bidang batas daerah', 10, '13', 0, 0, 0, 0, 0, 0, 0, 0, 3, 0, 0, 0, 0, 0, 0, 0, 0, 0, 0, 0, 0, 0, 0, 0, 0, 0, 0, 0, 0, 0, 0, 0, 0, 0, 0, 0, '', '', ''),
(43, '2019', 1241, 12412, 'Jumlah segmen batas antar daerah yang ditetapkan dengan Permendagri', 17, '16', 0, 0, 0, 0, 0, 0, 0, 0, 17, 0, 0, 0, 0, 0, 0, 0, 0, 0, 0, 0, 0, 0, 0, 0, 0, 0, 0, 0, 0, 0, 0, 0, 0, 0, 0, 0, '', '', ''),
(44, '2019', 1241, 12412, 'Jumlah Daerah yang diasistensi dan supervisi bidang batas daerah', 12, '13', 0, 0, 0, 0, 0, 0, 0, 0, 5, 0, 0, 0, 0, 0, 0, 0, 0, 0, 0, 0, 0, 0, 0, 0, 0, 0, 0, 0, 0, 0, 0, 0, 0, 0, 0, 0, '', '', ''),
(45, '2019', 1241, 12411, 'Jumlah Daerah yang diintegrasikan segmen batasnya', 7, '4', 0, 0, 0, 0, 0, 0, 0, 0, 7, 0, 0, 0, 0, 0, 0, 0, 0, 0, 0, 0, 0, 0, 0, 0, 0, 0, 0, 0, 0, 0, 0, 0, 0, 0, 0, 0, '', '', ''),
(46, '2019', 1241, 12412, 'Penyelesaian pelayanan administrasi dan tugas teknis lainnya unit kerja eselon II', 1, '8', 0, 0, 0, 0, 0, 0, 0, 0, 1, 0, 0, 0, 0, 0, 0, 0, 0, 0, 0, 0, 0, 0, 0, 0, 0, 0, 0, 0, 0, 0, 0, 0, 0, 0, 0, 0, '', '', ''),
(47, '2019', 1241, 12413, 'Jumlah segmen batas antar daerah yang ditetapkan dengan Permendagri', 16, '16', 0, 0, 0, 0, 0, 0, 0, 0, 7, 0, 0, 0, 0, 0, 0, 0, 0, 0, 0, 0, 0, 0, 0, 0, 0, 0, 0, 0, 0, 0, 0, 0, 0, 0, 0, 0, '', '', ''),
(48, '2019', 1241, 12413, 'Jumlah Daerah yang diasistensi dan supervisi bidang batas daerah', 11, '13', 0, 0, 0, 0, 0, 0, 0, 0, 6, 0, 0, 0, 0, 0, 0, 0, 0, 0, 0, 0, 0, 0, 0, 0, 0, 0, 0, 0, 0, 0, 0, 0, 0, 0, 0, 0, '', '', ''),
(49, '2019', 1241, 12413, 'Jumlah Daerah yang diintegrasikan segmen batasnya', 7, '4', 0, 0, 0, 0, 0, 0, 0, 0, 7, 0, 0, 0, 0, 0, 0, 0, 0, 0, 0, 0, 0, 0, 0, 0, 0, 0, 0, 0, 0, 0, 0, 0, 0, 0, 0, 0, '', '', ''),
(51, '2019', 1241, 12414, 'Jumlah rumusan kebijakan bidang toponimi ', 2, '6', 0, 0, 0, 0, 0, 0, 0, 0, 1, 0, 0, 0, 0, 0, 0, 0, 0, 0, 0, 0, 0, 0, 0, 0, 0, 0, 0, 0, 0, 0, 0, 0, 0, 0, 0, 0, '', '', ''),
(52, '2019', 1241, 12414, 'Jumlah unsur rupabumi alami (pulau dan unsur lainnya) yang diverifiikasi dan dibakukan', 1, '17', 0, 0, 0, 0, 0, 0, 0, 0, 1, 0, 0, 0, 0, 0, 0, 0, 0, 0, 0, 0, 0, 0, 0, 0, 0, 0, 0, 0, 0, 0, 0, 0, 0, 0, 0, 0, '', '', ''),
(53, '2019', 1241, 12414, 'Jumlah unsur rupabumi warisan budaya', 5, '4', 0, 0, 0, 0, 0, 0, 0, 2, 1, 1, 1, 0, 0, 0, 0, 0, 0, 0, 0, 0, 0, 0, 0, 0, 0, 0, 0, 0, 0, 0, 0, 0, 0, 0, 0, 0, '', '', ''),
(54, '2019', 1241, 12414, 'Jumlah Daerah yang diasistensi dan supervisi bidang toponimi ', 8, '13', 0, 0, 0, 0, 0, 0, 0, 0, 3, 0, 0, 0, 0, 0, 0, 0, 0, 0, 0, 0, 0, 0, 0, 0, 0, 0, 0, 0, 0, 0, 0, 0, 0, 0, 0, 0, '', '', ''),
(55, '2019', 1241, 12415, 'Jumlah unsur rupabumi alami (pulau dan unsur lainnya) yang diverifiikasi dan dibakukan', 1, '17', 0, 0, 0, 0, 0, 0, 0, 0, 1, 0, 0, 0, 0, 0, 0, 0, 0, 0, 0, 0, 0, 0, 0, 0, 0, 0, 0, 0, 0, 0, 0, 0, 0, 0, 0, 0, '', '', ''),
(56, '2019', 1241, 12415, 'Jumlah unsur rupabumi warisan budaya', 3, '4', 0, 0, 0, 0, 0, 0, 0, 0, 3, 0, 0, 0, 0, 0, 0, 0, 0, 0, 0, 0, 0, 0, 0, 0, 0, 0, 0, 0, 0, 0, 0, 0, 0, 0, 0, 0, '', '', ''),
(57, '2019', 1241, 12415, 'Jumlah Daerah yang diasistensi dan supervisi bidang toponimi', 7, '13', 0, 0, 0, 0, 0, 0, 0, 0, 4, 0, 0, 0, 0, 0, 0, 0, 0, 0, 0, 0, 0, 0, 0, 0, 0, 0, 0, 0, 0, 0, 0, 0, 0, 0, 0, 0, '', '', ''),
(58, '2019', 1238, 12381, 'Jumlah kesepakatan dalam pengelolaan kawasan khusus', 5, '18', 0, 0, 0, 0, 0, 0, 0, 0, 5, 0, 0, 0, 0, 0, 0, 0, 0, 0, 0, 0, 0, 0, 0, 0, 0, 0, 0, 0, 0, 0, 0, 0, 0, 0, 0, 0, '', '', ''),
(59, '2019', 1238, 12381, 'Jumlah kebijakan/regulasi bidang kawasan', 1, '19', 0, 0, 0, 0, 0, 0, 0, 0, 1, 0, 0, 0, 0, 0, 0, 0, 0, 0, 0, 0, 0, 0, 0, 0, 0, 0, 0, 0, 0, 0, 0, 0, 0, 0, 0, 0, '', '', ''),
(60, '2019', 1238, 12382, 'Jumlah kesepakatan dalam pengelolaan kawasan khusus', 5, '18', 0, 0, 0, 0, 0, 0, 0, 0, 5, 0, 0, 0, 0, 0, 0, 0, 0, 0, 0, 0, 0, 0, 0, 0, 0, 0, 0, 0, 0, 0, 0, 0, 0, 0, 0, 0, '', '', ''),
(61, '2019', 1238, 12383, 'Jumlah kebijakan/regulasi bidang pertanahan ', 1, '19', 0, 0, 0, 0, 0, 0, 0, 0, 1, 0, 0, 0, 0, 0, 0, 0, 0, 0, 0, 0, 0, 0, 0, 0, 0, 0, 0, 0, 0, 0, 0, 0, 0, 0, 0, 0, '', '', ''),
(62, '2019', 1238, 12383, 'Jumlah Konflik Pertanahan yang ditangani', 10, '20', 0, 0, 0, 0, 0, 0, 0, 0, 10, 0, 0, 0, 0, 0, 0, 0, 0, 0, 0, 0, 0, 0, 0, 0, 0, 0, 0, 0, 0, 0, 0, 0, 0, 0, 0, 0, '', '', ''),
(63, '2019', 1238, 12383, 'Pelayanan administrasi dan tugas teknis lainnya unit eselon II', 1, '8', 0, 0, 0, 0, 0, 0, 0, 0, 1, 0, 0, 0, 0, 0, 0, 0, 0, 0, 0, 0, 0, 0, 0, 0, 0, 0, 0, 0, 0, 0, 0, 0, 0, 0, 0, 0, '', '', ''),
(64, '2019', 1238, 12384, 'Jumlah kesepakatan dalam mendukung pengelolaan perkotaan', 3, '18', 0, 0, 0, 0, 0, 0, 0, 0, 2, 0, 0, 0, 0, 0, 0, 0, 0, 0, 0, 0, 0, 0, 0, 0, 0, 0, 0, 0, 0, 0, 0, 0, 0, 0, 0, 0, '', '', ''),
(65, '2019', 1238, 12384, 'Jumlah Kebijakan terkait perkotaan berkelanjutan', 3, '7', 0, 0, 0, 0, 0, 0, 0, 0, 3, 0, 0, 0, 0, 0, 0, 0, 0, 0, 0, 0, 0, 0, 0, 0, 0, 0, 0, 0, 0, 0, 0, 0, 0, 0, 0, 0, '', '', ''),
(66, '2019', 1238, 12384, 'Jumlah sarpras pemerintahan di kawasan perbatasan negara lainnya dalam rangka pelayanan pemerintahan', 6, '22', 0, 0, 0, 0, 0, 0, 0, 0, 6, 0, 0, 0, 0, 0, 0, 0, 0, 0, 0, 0, 0, 0, 0, 0, 0, 0, 0, 0, 0, 0, 0, 0, 0, 0, 0, 0, '', '', ''),
(67, '2019', 1238, 12385, 'Jumlah Kesepakatan Perundingan Batas dan Kerjasama Wilayah Negara (PN)', 5, '18', 0, 0, 0, 0, 0, 0, 0, 0, 3, 0, 0, 0, 0, 0, 0, 0, 0, 0, 0, 0, 0, 0, 0, 0, 0, 0, 0, 0, 0, 0, 0, 0, 0, 0, 0, 0, '', '', ''),
(68, '2019', 1238, 12385, 'Pelaksanaan kerjasama perbatasan negara di daerah (PN)', 6, '4', 0, 0, 0, 0, 0, 0, 0, 0, 4, 0, 0, 0, 0, 0, 0, 0, 0, 0, 0, 0, 0, 0, 0, 0, 0, 0, 0, 0, 0, 0, 0, 0, 0, 0, 0, 0, '', '', ''),
(69, '2019', 1242, 12421, 'Persentase penyelesaian dokumen perencanaan dan anggaran (Renstra, Renja, RKP, RKA, RKAKL)', 100, '15', 0, 0, 0, 0, 0, 0, 0, 0, 71, 0, 0, 0, 0, 0, 0, 0, 0, 0, 0, 0, 0, 0, 0, 0, 0, 0, 0, 0, 0, 0, 0, 0, 0, 0, 0, 0, '', '', ''),
(70, '2019', 1242, 12421, 'Persentase penyelesaian dokumen hasil monitoring dan evaluasi, laporan keuangan serta hasil-hasil pemeriksaan dan tindak lanjut LHP ', 100, '15', 0, 0, 0, 0, 0, 0, 0, 0, 60, 0, 0, 0, 0, 0, 0, 0, 0, 0, 0, 0, 0, 0, 0, 0, 0, 0, 0, 0, 0, 0, 0, 0, 0, 0, 0, 0, '', '', ''),
(71, '2019', 1242, 12421, 'Persentase penyusunan pedoman/juknis dan rancangan peraturan serta dokumen ketatalaksanaan yang diselesaikan  ', 100, '15', 0, 0, 0, 0, 0, 0, 0, 0, 58, 0, 0, 0, 0, 0, 0, 0, 0, 0, 0, 0, 0, 0, 0, 0, 0, 0, 0, 0, 0, 0, 0, 0, 0, 0, 0, 0, '', '', ''),
(72, '2019', 1242, 12421, 'Persentase Pembinaan bidang administrasi kewilayahan di pusat dan daerah', 100, '15', 0, 0, 0, 0, 0, 0, 0, 0, 70, 0, 0, 0, 0, 0, 0, 0, 0, 0, 0, 0, 0, 0, 0, 0, 0, 0, 0, 0, 0, 0, 0, 0, 0, 0, 0, 0, '', '', ''),
(73, '2019', 1242, 12422, 'Persentase penyelesaian dokumen hasil monitoring dan evaluasi, laporan keuangan serta hasil-hasil pemeriksaan dan tindak lanjut LHP ', 100, '15', 0, 0, 0, 0, 0, 0, 0, 0, 0, 0, 0, 0, 0, 0, 0, 0, 0, 0, 0, 0, 0, 0, 0, 0, 0, 0, 0, 0, 0, 0, 0, 0, 0, 0, 0, 0, '', '', ''),
(74, '2019', 1242, 12422, 'Persentase penyusunan pedoman/juknis (DIPA Pusat) yang diselesaikan ', 100, '15', 0, 0, 0, 0, 0, 0, 0, 0, 0, 0, 0, 0, 0, 0, 0, 0, 0, 0, 0, 0, 0, 0, 0, 0, 0, 0, 0, 0, 0, 0, 0, 0, 0, 0, 0, 0, '', '', ''),
(75, '2019', 1242, 12422, 'Persentase percepatan penyelesaian pembayaran/tagihan terkait kegiatan di Lingkup Ditjen Bina Administrasi Kewilayahan', 100, '15', 0, 0, 0, 0, 0, 0, 0, 0, 86, 0, 0, 0, 0, 0, 0, 0, 0, 0, 0, 0, 0, 0, 0, 0, 0, 0, 0, 0, 0, 0, 0, 0, 0, 0, 0, 0, '', '', ''),
(76, '2019', 1242, 12422, 'Persentase penyelesaian pelayanan dukungan operasional kerja (pembayaran gaji, operasional dan pemeliharaan perkantoran, serta langganan daya dan jasa) yang tepat waktu', 100, '15', 0, 0, 0, 0, 0, 0, 0, 0, 77, 0, 0, 0, 0, 0, 0, 0, 0, 0, 0, 0, 0, 0, 0, 0, 0, 0, 0, 0, 0, 0, 0, 0, 0, 0, 0, 0, '', '', ''),
(77, '2019', 1242, 12423, 'Persentase penyusunan pedoman/juknis dan rancangan peraturan serta dokumen ketatalaksanaan yang diselesaikan  ', 100, '15', 0, 0, 0, 0, 0, 0, 0, 0, 59, 0, 0, 0, 0, 0, 0, 0, 0, 0, 0, 0, 0, 0, 0, 0, 0, 0, 0, 0, 0, 0, 0, 0, 0, 0, 0, 0, '', '', ''),
(78, '2019', 1242, 12424, 'Persentase penyelesaian urusan ketatausahaan dan kepegawaian   ', 100, '15', 0, 0, 0, 0, 0, 0, 0, 0, 71, 0, 0, 0, 0, 0, 0, 0, 0, 0, 0, 0, 0, 0, 0, 0, 0, 0, 0, 0, 0, 0, 0, 0, 0, 0, 0, 0, '', '', ''),
(79, '2019', 1242, 12424, 'Persentase penyelesaian dokumen hasil monitoring dan evaluasi, laporan keuangan serta hasil-hasil pemeriksaan dan tindak lanjut LHP ', 100, '15', 0, 0, 0, 0, 0, 0, 0, 0, 56, 0, 0, 0, 0, 0, 0, 0, 0, 0, 0, 0, 0, 0, 0, 0, 0, 0, 0, 0, 0, 0, 0, 0, 0, 0, 0, 0, '', '', ''),
(80, '2019', 1242, 12424, 'Persentase pengadaan sarana dan prasarana  ', 100, '15', 0, 0, 0, 0, 0, 0, 0, 0, 32, 0, 0, 0, 0, 0, 0, 0, 0, 0, 0, 0, 0, 0, 0, 0, 0, 0, 0, 0, 0, 0, 0, 0, 0, 0, 0, 0, '', '', ''),
(81, '2019', 1242, 12424, 'Persentase pemeliharaan sarana dan prasarana', 100, '15', 0, 0, 0, 0, 0, 0, 0, 0, 39, 0, 0, 0, 0, 0, 0, 0, 0, 0, 0, 0, 0, 0, 0, 0, 0, 0, 0, 0, 0, 0, 0, 0, 0, 0, 0, 0, '', '', ''),
(82, '2019', 1242, 12424, 'Persentase pembinaan bidang administrasi kewilayahan di pusat dan daerah', 100, '15', 0, 0, 0, 0, 0, 0, 0, 0, 48, 0, 0, 0, 0, 0, 0, 0, 0, 0, 0, 0, 0, 0, 0, 0, 0, 0, 0, 0, 0, 0, 0, 0, 0, 0, 0, 0, '', '', ''),
(83, '2019', 1242, 12424, 'Persentase penyelesaian pelayanan dukungan operasional kerja (pembayaran gaji, operasional dan pemeliharaan perkantoran, serta langganan daya dan jasa) yang tepat waktuPersentase penyelesaian pelayana', 100, '15', 0, 0, 0, 0, 0, 0, 0, 0, 79, 0, 0, 0, 0, 0, 0, 0, 0, 0, 0, 0, 0, 0, 0, 0, 0, 0, 0, 0, 0, 0, 0, 0, 0, 0, 0, 0, '', '', '');

-- --------------------------------------------------------

--
-- Table structure for table `tb_kegiatan`
--

CREATE TABLE `tb_kegiatan` (
  `id_keg` int(11) NOT NULL,
  `id_pagu` int(11) NOT NULL,
  `tkeg_rapat_rdk` int(11) NOT NULL,
  `tkeg_rapat_full` int(11) NOT NULL,
  `tkeg_rapat_fgd` int(11) NOT NULL,
  `tkeg_dinas_mon` int(11) NOT NULL,
  `tkeg_dinas_full` int(11) NOT NULL,
  `rkeg_rapat_rdk` int(11) NOT NULL,
  `rkeg_rapat_full` int(11) NOT NULL,
  `rkeg_rapat_fgd` int(11) NOT NULL,
  `rkeg_dinas_mon` int(11) NOT NULL,
  `rkeg_dinas_full` int(11) NOT NULL,
  `berkas` varchar(100) NOT NULL,
  `kendala` varchar(50) NOT NULL,
  `kendalalain` varchar(100) NOT NULL,
  `tindaklanjut` varchar(200) NOT NULL
) ENGINE=InnoDB DEFAULT CHARSET=latin1 COLLATE=latin1_swedish_ci;

--
-- Dumping data for table `tb_kegiatan`
--

INSERT INTO `tb_kegiatan` (`id_keg`, `id_pagu`, `tkeg_rapat_rdk`, `tkeg_rapat_full`, `tkeg_rapat_fgd`, `tkeg_dinas_mon`, `tkeg_dinas_full`, `rkeg_rapat_rdk`, `rkeg_rapat_full`, `rkeg_rapat_fgd`, `rkeg_dinas_mon`, `rkeg_dinas_full`, `berkas`, `kendala`, `kendalalain`, `tindaklanjut`) VALUES
(2, 1, 1, 3, 3, 1, 2, 1, 1, 1, 0, 1, '', '', '', ''),
(3, 3, 3, 3, 3, 2, 3, 0, 0, 0, 0, 0, '', '', '', ''),
(4, 42, 1, 2, 3, 4, 1, 0, 0, 0, 0, 0, '', '', '', '');

-- --------------------------------------------------------

--
-- Table structure for table `tb_log_login`
--

CREATE TABLE `tb_log_login` (
  `id_log` int(11) NOT NULL,
  `id_akses` int(11) NOT NULL,
  `tgl_login` timestamp NOT NULL DEFAULT current_timestamp()
) ENGINE=InnoDB DEFAULT CHARSET=latin1 COLLATE=latin1_swedish_ci;

-- --------------------------------------------------------

--
-- Table structure for table `tb_log_ticketing`
--

CREATE TABLE `tb_log_ticketing` (
  `id` int(11) NOT NULL,
  `id_ticketing` varchar(50) NOT NULL,
  `activity` text NOT NULL,
  `user` varchar(50) NOT NULL,
  `created_at` datetime NOT NULL,
  `updated_at` datetime NOT NULL
) ENGINE=MyISAM DEFAULT CHARSET=latin1 COLLATE=latin1_swedish_ci;

-- --------------------------------------------------------

--
-- Table structure for table `tb_pagu`
--

CREATE TABLE `tb_pagu` (
  `id_pagu` int(11) NOT NULL,
  `tahun` varchar(4) NOT NULL,
  `no_akun` varchar(50) NOT NULL,
  `jenis_akun` varchar(15) NOT NULL,
  `prov` varchar(50) NOT NULL,
  `kab` varchar(50) NOT NULL,
  `pagu` double NOT NULL
) ENGINE=InnoDB DEFAULT CHARSET=latin1 COLLATE=latin1_swedish_ci;

--
-- Dumping data for table `tb_pagu`
--

INSERT INTO `tb_pagu` (`id_pagu`, `tahun`, `no_akun`, `jenis_akun`, `prov`, `kab`, `pagu`) VALUES
(1, '2020', '1237.01.051', 'Pusat', '', '', 217605000),
(2, '2020', '1237.01.052', 'Pusat', '', '', 236916000),
(3, '2020', '1237.01.053', 'Pusat', '', '', 84404000),
(4, '2020', '1237.02.051', 'Pusat', '', '', 39416000),
(5, '2020', '1237.02.052', 'Pusat', '', '', 30548000),
(7, '2020', '1237.03.051', 'Pusat', '', '', 144636000),
(8, '2020', '1237.03.052', 'Pusat', '', '', 149100000),
(9, '2020', '1237.03.053', 'Pusat', '', '', 504965000),
(12, '2020', '1237.04.051', 'Pusat', '', '', 49716000),
(13, '2020', '1237.04.052', 'Pusat', '', '', 85105000),
(14, '2020', '1237.05.051', 'Pusat', '', '', 268391000),
(17, '2020', '1237.06.051', 'Pusat', '', '', 81315000),
(18, '2020', '1237.06.052', 'Pusat', '', '', 173493000),
(19, '2020', '1237.06.053', 'Pusat', '', '', 7961000),
(20, '2020', '1237.07.051', 'Pusat', '', '', 3742978000),
(21, '2020', '1237.07.054', 'Pusat', '', '', 63900000),
(23, '2020', '1237.07.056', 'Pusat', '', '', 13311000),
(25, '2020', '1237.12.051', 'Pusat', '', '', 339380000),
(26, '2020', '1237.12.052', 'Pusat', '', '', 33133000),
(27, '2020', '1237.70.055', 'Pusat', '', '', 1041213000),
(30, '2020', '1238.02.051', 'Pusat', '', '', 95631000),
(32, '2020', '1238.02.053', 'Pusat', '', '', 63192000),
(33, '2020', '1238.05.051', 'Pusat', '', '', 126653000),
(35, '2020', '1238.05.053', 'Pusat', '', '', 2046465000),
(36, '2020', '1238.05.054', 'Pusat', '', '', 25424000),
(37, '2020', '1238.05.055', 'Pusat', '', '', 59982000),
(38, '2020', '1238.05.056', 'Pusat', '', '', 9740000),
(39, '2020', '1238.05.057', 'Pusat', '', '', 21300000),
(40, '2020', '1238.06.051', 'Pusat', '', '', 0),
(41, '2020', '1238.06.052', 'Pusat', '', '', 880000),
(42, '2020', '1238.06.053', 'Pusat', '', '', 0),
(43, '2020', '1238.06.054', 'Pusat', '', '', 50034000),
(44, '2020', '1238.06.055', 'Pusat', '', '', 0),
(45, '2020', '1238.06.056', 'Pusat', '', '', 0),
(46, '2020', '1238.07.051', 'Pusat', '', '', 33138000),
(47, '2020', '1238.07.053', 'Pusat', '', '', 43302000),
(48, '2020', '1238.07.054', 'Pusat', '', '', 0),
(49, '2020', '1238.70.055', 'Pusat', '', '', 496238000),
(50, '2020', '1239.01.051', 'Pusat', '', '', 76589000),
(51, '2020', '1239.01.052', 'Pusat', '', '', 208414000),
(52, '2020', '1239.02.051', 'Pusat', '', '', 0),
(53, '2020', '1239.02.052', 'Pusat', '', '', 32101000),
(54, '2020', '1239.02.055', 'Pusat', '', '', 21300000),
(55, '2020', '1239.02.056', 'Pusat', '', '', 19090000),
(56, '2020', '1239.03.052', 'Pusat', '', '', 114694000),
(57, '2020', '1239.03.053', 'Pusat', '', '', 308238000),
(58, '2020', '1239.03.054', 'Pusat', '', '', 0),
(59, '2020', '1239.03.056', 'Pusat', '', '', 358483000),
(60, '2020', '1239.03.057', 'Pusat', '', '', 94866000),
(61, '2020', '1239.03.058', 'Pusat', '', '', 0),
(62, '2020', '1239.03.059', 'Pusat', '', '', 23488000),
(63, '2020', '1239.03.060', 'Pusat', '', '', 17108000),
(64, '2020', '1239.03.061', 'Pusat', '', '', 249939000),
(65, '2020', '1239.03.062', 'Pusat', '', '', 18552000),
(66, '2020', '1239.03.063', 'Pusat', '', '', 0),
(67, '2020', '1239.03.064', 'Pusat', '', '', 15076000),
(68, '2020', '1239.03.065', 'Pusat', '', '', 0),
(69, '2020', '1239.04.051', 'Pusat', '', '', 42600000),
(70, '2020', '1239.04.052', 'Pusat', '', '', 0),
(71, '2020', '1239.04.053', 'Pusat', '', '', 19300000),
(72, '2020', '1239.05.052', 'Pusat', '', '', 59389000),
(73, '2020', '1239.05.053', 'Pusat', '', '', 17013000),
(74, '2020', '1239.05.054', 'Pusat', '', '', 0),
(75, '2020', '1239.05.055', 'Pusat', '', '', 46221000),
(76, '2020', '1239.05.056', 'Pusat', '', '', 0),
(77, '2020', '1239.06.051', 'Pusat', '', '', 10332000),
(78, '2020', '1239.06.052', 'Pusat', '', '', 1078002000),
(79, '2020', '1239.06.053', 'Pusat', '', '', 29543000),
(80, '2020', '1239.07.051', 'Pusat', '', '', 37996000),
(81, '2020', '1239.07.052', 'Pusat', '', '', 0),
(82, '2020', '1239.07.053', 'Pusat', '', '', 64612000),
(83, '2020', '1239.08.051', 'Pusat', '', '', 55855000),
(84, '2020', '1239.08.052', 'Pusat', '', '', 0),
(85, '2020', '1239.70.055', 'Pusat', '', '', 784372000),
(86, '2020', '1240.01.051', 'Pusat', '', '', 119579000),
(87, '2020', '1240.01.052', 'Pusat', '', '', 51548000),
(88, '2020', '1240.01.053', 'Pusat', '', '', 600000000),
(89, '2020', '1240.01.054', 'Pusat', '', '', 0),
(90, '2020', '1240.01.055', 'Pusat', '', '', 11162000),
(91, '2020', '1240.02.051', 'Pusat', '', '', 0),
(92, '2020', '1240.02.052', 'Pusat', '', '', 32968000),
(93, '2020', '1240.02.053', 'Pusat', '', '', 0),
(94, '2020', '1240.02.055', 'Pusat', '', '', 807884000),
(95, '2020', '1240.03.051', 'Pusat', '', '', 35010000),
(96, '2020', '1240.03.052', 'Pusat', '', '', 549607000),
(97, '2020', '1240.03.054', 'Pusat', '', '', 0),
(98, '2020', '1240.05.051', 'Pusat', '', '', 0),
(99, '2020', '1240.05.052', 'Pusat', '', '', 0),
(100, '2020', '1240.05.054', 'Pusat', '', '', 0),
(101, '2020', '1240.05.055', 'Pusat', '', '', 0),
(102, '2020', '1240.05.057', 'Pusat', '', '', 0),
(103, '2020', '1240.05.058', 'Pusat', '', '', 0),
(104, '2020', '1240.05.059', 'Pusat', '', '', 0),
(105, '2020', '1240.05.060', 'Pusat', '', '', 0),
(106, '2020', '1240.05.061', 'Pusat', '', '', 0),
(107, '2020', '1240.06.051', 'Pusat', '', '', 0),
(108, '2020', '1240.06.052', 'Pusat', '', '', 33803000),
(109, '2020', '1240.06.053', 'Pusat', '', '', 0),
(110, '2020', '1240.06.054', 'Pusat', '', '', 112910000),
(111, '2020', '1240.06.055', 'Pusat', '', '', 530000000),
(112, '2020', '1240.06.056', 'Pusat', '', '', 94376000),
(113, '2020', '1240.07.051', 'Pusat', '', '', 0),
(114, '2020', '1240.70.055', 'Pusat', '', '', 2166966000),
(115, '2020', '1241.01.051', 'Pusat', '', '', 63661000),
(116, '2020', '1241.02.051', 'Pusat', '', '', 153927000),
(117, '2020', '1241.02.052', 'Pusat', '', '', 86322000),
(119, '2020', '1241.03.051', 'Pusat', '', '', 1700000000),
(120, '2020', '1241.05.051', 'Pusat', '', '', 92138000),
(121, '2020', '1241.06.051', 'Pusat', '', '', 392413000),
(122, '2020', '1241.06.052', 'Pusat', '', '', 124995000),
(123, '2020', '1241.06.053', 'Pusat', '', '', 205100000),
(124, '2020', '1241.70.055', 'Pusat', '', '', 766336000),
(125, '2020', '1242.01.051', 'Pusat', '', '', 28590000),
(126, '2020', '1242.01.052', 'Pusat', '', '', 275121000),
(127, '2020', '1242.01.053', 'Pusat', '', '', 237395000),
(128, '2020', '1242.01.054', 'Pusat', '', '', 776411000),
(129, '2020', '1242.90.051', 'Pusat', '', '', 1215000),
(130, '2020', '1242.90.052', 'Pusat', '', '', 2101000),
(133, '2020', '1242.91.052', 'Pusat', '', '', 12550000),
(135, '2020', '1242.50.051', 'Pusat', '', '', 179328000),
(136, '2020', '1242.50.052', 'Pusat', '', '', 810642000),
(137, '2020', '1242.50.053', 'Pusat', '', '', 450392000),
(138, '2020', '1242.50.054', 'Pusat', '', '', 425874000),
(139, '2020', '1242.50.055', 'Pusat', '', '', 167343000),
(140, '2020', '1242.50.056', 'Pusat', '', '', 594311000),
(141, '2020', '1242.50.057', 'Pusat', '', '', 60415000),
(142, '2020', '1242.50.058', 'Pusat', '', '', 900164000),
(143, '2020', '1242.50.060', 'Pusat', '', '', 108702000),
(144, '2020', '1242.50.061', 'Pusat', '', '', 217192000),
(145, '2020', '1242.51.051', 'Pusat', '', '', 769000000),
(146, '2020', '1242.51.052', 'Pusat', '', '', 3244750000),
(147, '2020', '1242.51.053', 'Pusat', '', '', 330000000),
(148, '2020', '1242.94.051', 'Pusat', '', '', 37040789000),
(149, '2020', '1242.94.052', 'Pusat', '', '', 7374734000),
(151, '2020', '1237.01.053', 'Pusat', '', '', 84404000),
(154, '2021', '01.PBL.001.051', 'Pusat', 'DKI Jakarta', '', 0),
(164, '2021', '1237.01.UAB.001.051', 'Pusat', '', '', 0),
(165, '2021', '1237.01.UAB.002.051', 'Pusat', '', '', 0),
(166, '2021', '1237.01.UAE.001.051	', 'Pusat', '', '', 0),
(167, '2021', '1237.01.UAE.001.052	', 'Pusat', '', '', 0),
(168, '2021', '1237.01.UAE.001.053', 'Pusat', '', '', 0),
(169, '2021', '1237.01.UAE.001.054', 'Pusat', '', '', 0),
(170, '2021', '1237.01.UBA.001.051', 'Pusat', '', '', 0),
(171, '2021', '1237.01.UBA.001.052', 'Pusat', '', '', 0),
(172, '2021', '1237.01.UBA.001.053', 'Pusat', '', '', 0),
(173, '2021', '1237.01.UBA.001.054', 'Pusat', '', '', 0),
(174, '2021', '1237.01.UBA.001.055', 'Pusat', '', '', 0),
(175, '2021', '1237.01.UBA.002.051', 'Pusat', '', '', 0),
(176, '2021', '1237.01.UBA.002.052', 'Pusat', '', '', 0),
(177, '2021', '1237.01.UBA.002.053', 'Pusat', '', '', 0),
(178, '2021', '1237.01.UBA.003.051', 'Pusat', '', '', 0),
(179, '2021', '1237.01.UBA.004.051	', 'Pusat', '', '', 0),
(180, '2021', '1237.01.UBA.004.052', 'Pusat', '', '', 0),
(181, '2021', '1237.01.UBA.004.053', 'Pusat', '', '', 0),
(182, '2021', '1237.01.UBA.005.051', 'Pusat', '', '', 0),
(183, '2021', '1237.01.UBA.005.052', 'Pusat', '', '', 0),
(184, '2021', '1237.01.UBA.005.053', 'Pusat', '', '', 0),
(185, '2021', '1237.01.UBA.006.051', 'Pusat', '', '', 0),
(186, '2021', '1237.01.UBA.006.053', 'Pusat', '', '', 0),
(187, '2021', '1237.01.UBA.006.054', 'Pusat', '', '', 0),
(188, '2021', '1237.01.UBA.006.055', 'Pusat', '', '', 0),
(189, '2021', '1241.01.AAG.001.051', 'Pusat', '', '', 0),
(190, '2021', '1241.01.AAG.002.051', 'Pusat', '', '', 0),
(191, '2021', '1241.01.AAH.001.051', 'Pusat', '', '', 0),
(192, '2021', '1241.01.AAH.001.052', 'Pusat', '', '', 0),
(193, '2021', '1241.01.AAH.002.051', 'Pusat', '', '', 0),
(194, '2021', '1241.01.ABL.001.051	', 'Pusat', '', '', 0),
(195, '2021', '1241.01.ABL.001.051	', 'Pusat', '', '', 0),
(196, '2021', '1241.01.ABL.002.051', 'Pusat', '', '', 0),
(197, '2021', '1241.01.ABL.002.051', 'Pusat', '', '', 0),
(198, '2021', '1241.01.ABL.002.051', 'Pusat', '', '', 0),
(199, '2021', '1241.01.ABL.002.052', 'Pusat', '', '', 0),
(200, '2021', '1241.01.ABL.002.052', 'Pusat', '', '', 0),
(201, '2021', '1241.01.ABL.002.052', 'Pusat', '', '', 0),
(202, '2021', '1241.01.ABL.002.053', 'Pusat', '', '', 0),
(203, '2021', '1241.01.ABL.002.053', 'Pusat', '', '', 0),
(204, '2021', '1241.01.ABL.002.053', 'Pusat', '', '', 0),
(205, '2021', '1241.01.ABL.002.054', 'Pusat', '', '', 0),
(206, '2021', '1241.01.CAI.001.051', 'Tugas Pembantua', '', '', 0),
(207, '2021', '1241.01.CAI.001.052', 'Pusat', '', '', 0),
(208, '2021', '1241.01.FBA.001.051', 'Pusat', '', '', 0),
(209, '2021', '1241.01.FBA.001.051', 'Pusat', '', '', 0),
(210, '2021', '1241.01.FBA.001.051', 'Pusat', '', '', 0),
(211, '2021', '1241.01.FBA.002.051', 'Pusat', '', '', 0),
(212, '2021', '1241.01.FBA.002.051', 'Pusat', '', '', 0),
(213, '2021', '1241.01.FBA.002.052', 'Pusat', '', '', 0),
(214, '2021', '1241.01.FBA.002.052', 'Pusat', '', '', 0),
(215, '2021', '1241.01.FBA.003.051', 'Pusat', '', '', 0),
(216, '2021', '1241.01.FBA.003.052', 'Pusat', '', '', 0),
(217, '2021', '1241.01.FBA.003.053', 'Pusat', '', '', 0),
(218, '2021', '1241.01.FBA.003.054', 'Pusat', '', '', 0),
(219, '2021', '1241.01.FBA.003.055', 'Pusat', '', '', 0),
(220, '2021', '1241.01.FBA.003.056', 'Pusat', '', '', 0),
(221, '2021', '1241.01.FBA.004.051', 'Pusat', '', '', 0),
(222, '2021', '1241.01.FBA.004.052', 'Pusat', '', '', 0),
(223, '2021', '1241.01.FBA.004.053', 'Pusat', '', '', 0),
(224, '2021', '1241.01.PEC.001.051', 'Pusat', '', '', 0),
(225, '2021', '1241.01.PEC.001.052', 'Pusat', '', '', 0),
(226, '2021', '1241.01.PEC.001.053', 'Pusat', '', '', 0),
(227, '2021', '1241.01.PEC.001.054', 'Pusat', '', '', 0),
(228, '2021', '1241.01.PEC.001.055', 'Pusat', '', '', 0),
(229, '2021', '1241.01.PEC.001.056', 'Pusat', '', '', 0),
(230, '2021', '1241.01.PEC.001.057', 'Pusat', '', '', 0),
(231, '2021', '1241.01.UBA.001.051', 'Pusat', '', '', 0),
(232, '2021', '1241.01.UBA.001.052', 'Pusat', '', '', 0),
(233, '2021', '1241.01.UBA.001.051', 'Pusat', '', '', 0),
(234, '2021', '6136.03.AAG.001.051	', 'Pusat', '', '', 0),
(235, '2021', '6136.03.AAG.002.051	', 'Pusat', '', '', 0),
(236, '2021', '6136.03.AAG.003.051	', 'Pusat', '', '', 0),
(237, '2021', '6136.03.AAG.004.051	', 'Pusat', '', '', 0),
(238, '2021', '6136.03.AAG.005.051	', 'Pusat', '', '', 0),
(239, '2021', '6136.03.AAG.006.051	', 'Pusat', '', '', 0),
(240, '2021', '6136.03.ABQ.001.051', 'Pusat', '', '', 0),
(241, '2021', '6136.03.AFA.001.051', 'Pusat', '', '', 0),
(242, '2021', '6136.03.AFA.002.051', 'Pusat', '', '', 0),
(243, '2021', '6136.03.AFA.003.051', 'Pusat', '', '', 0),
(244, '2021', '6136.03.AFA.004.051', 'Pusat', '', '', 0),
(245, '2021', '6136.03.AFA.005.051', 'Pusat', '', '', 0),
(246, '2021', '6136.03.BEG.001.051', 'Pusat', '', '', 0),
(247, '2021', '6136.03.BEG.001.052', 'Pusat', '', '', 0),
(248, '2021', '6136.03.BEG.002.051', 'Pusat', '', '', 0),
(249, '2021', '6136.03.BEG.002.052', 'Pusat', '', '', 0),
(250, '2021', '6136.03.FBA.001.051', 'Pusat', '', '', 0),
(251, '2021', '6136.03.FBA.001.052', 'Pusat', '', '', 0),
(252, '2021', '6136.03.FBA.001.053', 'Pusat', '', '', 0),
(253, '2021', '6136.03.FBA.001.054', 'Pusat', '', '', 0),
(254, '2021', '6136.03.FBA.002.051', 'Pusat', '', '', 0),
(255, '2021', '6136.03.FBA.002.052', 'Pusat', '', '', 0),
(256, '2021', '6136.03.FBA.003.051', 'Pusat', '', '', 0),
(257, '2021', '6136.03.FBA.003.052', 'Pusat', '', '', 0),
(258, '2021', '6136.03.FBA.003.053', 'Pusat', '', '', 0),
(259, '2021', '6136.03.FBA.003.054', 'Pusat', '', '', 0),
(260, '2021', '6136.03.FBA.003.055', 'Pusat', '', '', 0),
(261, '2021', '6136.03.FBA.004.051', 'Pusat', '', '', 0),
(262, '2021', '6136.03.FBA.004.052', 'Pusat', '', '', 0),
(263, '2021', '6136.03.FBA.004.053', 'Pusat', '', '', 0),
(264, '2021', '6136.03.FBA.004.054', 'Pusat', '', '', 0),
(265, '2021', '6136.03.FBA.005.051', 'Pusat', '', '', 0),
(266, '2021', '6136.03.FBA.005.052', 'Pusat', '', '', 0),
(267, '2021', '6136.03.FBA.005.051', 'Pusat', '', '', 0),
(268, '2021', '6136.03.UBA.001.051	', 'Pusat', '', '', 0),
(269, '2021', '6136.03.UBA.001.052', 'Pusat', '', '', 0),
(270, '2021', '6136.03.UBA.001.053', 'Pusat', '', '', 0),
(271, '2021', '6136.03.UBA.001.054', 'Pusat', '', '', 0),
(272, '2021', '6136.03.UBA.002.051	', 'Pusat', '', '', 0),
(273, '2021', '6136.03.UBA.002.052', 'Pusat', '', '', 0),
(274, '2021', '6136.03.UBA.002.053', 'Pusat', '', '', 0),
(275, '2021', '6136.03.UBA.002.054', 'Pusat', '', '', 0),
(276, '2021', '6136.03.UBA.002.055', 'Pusat', '', '', 0),
(277, '2021', '6136.03.UBA.002.056', 'Pusat', '', '', 0),
(278, '2021', '6136.03.UBA.003.051	', 'Pusat', '', '', 0),
(279, '2021', '6136.03.UBA.003.052', 'Pusat', '', '', 0),
(280, '2021', '6136.03.UBA.003.053', 'Pusat', '', '', 0),
(281, '2021', '6136.03.UBA.003.054', 'Pusat', '', '', 0),
(282, '2021', '6136.03.UBA.003.055', 'Pusat', '', '', 0),
(283, '2021', '6136.03.UBA.003.056', 'Pusat', '', '', 0),
(284, '2021', '6136.03.UBA.003.057', 'Pusat', '', '', 0),
(285, '2021', '6136.03.UBA.004.051	', 'Pusat', '', '', 0),
(286, '2021', '6136.03.UBA.004.052', 'Pusat', '', '', 0),
(287, '2021', '6136.03.UBA.004.053', 'Pusat', '', '', 0),
(288, '2021', '6136.03.UBA.004.054', 'Pusat', '', '', 0),
(289, '2021', '6136.03.UBA.005.051	', 'Pusat', '', '', 0),
(290, '2021', '6136.03.UBA.005.052', 'Pusat', '', '', 0),
(291, '2021', '6136.03.UBA.005.053', 'Pusat', '', '', 0),
(292, '2021', '6137.01.ABL.051.051', 'Pusat', '', '', 0),
(293, '2021', '6137.01.ABL.052.051', 'Pusat', '', '', 0),
(294, '2021', '6137.01.FAB.001.051', 'Pusat', '', '', 0),
(295, '2021', '6137.01.FAC.001.051', 'Pusat', '', '', 0),
(296, '2021', '6137.01.FAC.001.052', 'Pusat', '', '', 0),
(297, '2021', '6137.01.FAC.001.053', 'Pusat', '', '', 0),
(298, '2021', '6137.01.FAC.001.054', 'Pusat', '', '', 0),
(299, '2021', '6137.01.FAC.002.051', 'Pusat', '', '', 0),
(300, '2021', '6137.01.FAC.002.051', 'Pusat', '', '', 0),
(301, '2021', '6137.01.FAC.002.051', 'Pusat', '', '', 0),
(302, '2021', '6137.01.FAC.002.051', 'Pusat', '', '', 0),
(303, '2021', '6103.01.EAG.001.051', 'Pusat', '', '', 0),
(304, '2021', '6104.01.EAA.994.001', 'Pusat', '', '', 0),
(305, '2021', '6104.01.EAA.994.002', 'Pusat', '', '', 0),
(306, '2021', '6104.01.EAA.994.002', 'Pusat', '', '', 0),
(307, '2021', '6104.01.EAB.001.051', 'Pusat', '', '', 0),
(308, '2021', '6104.01.EAB.001.052', 'Pusat', '', '', 0),
(309, '2021', '6104.01.EAB.001.053', 'Pusat', '', '', 0),
(310, '2021', '6104.01.EAB.002.051', 'Pusat', '', '', 0),
(311, '2021', '6104.01.EAB.002.052', 'Pusat', '', '', 0),
(312, '2021', '6104.01.EAB.002.053', 'Pusat', '', '', 0),
(313, '2021', '6104.01.EAB.003.051', 'Pusat', '', '', 0),
(314, '2021', '6104.01.EAB.003.052', 'Pusat', '', '', 0),
(315, '2021', '6104.01.EAB.004.051', 'Pusat', '', '', 0),
(316, '2021', '6104.01.EAB.004.051', 'Pusat', '', '', 0),
(317, '2021', '6104.01.EAC.001.051', 'Pusat', '', '', 0),
(318, '2021', '6104.01.EAC.001.052', 'Pusat', '', '', 0),
(319, '2021', '6104.01.EAC.002.051', 'Pusat', '', '', 0),
(320, '2021', '6104.01.EAC.002.052', 'Pusat', '', '', 0),
(321, '2021', '6104.01.EAC.002.053', 'Pusat', '', '', 0),
(322, '2021', '6104.01.EAC.002.054', 'Pusat', '', '', 0),
(323, '2021', '6104.01.EAD.001.051', 'Pusat', '', '', 0),
(324, '2021', '6104.01.EAD.001.052', 'Pusat', '', '', 0),
(325, '2021', '6104.01.EAD.001.053', 'Pusat', '', '', 0),
(326, '2021', '6104.01.EAL.001.051', 'Pusat', '', '', 0),
(327, '2021', '6104.01.EAL.001.052', 'Pusat', '', '', 0),
(328, '2021', '6104.01.EAL.001.053', 'Pusat', '', '', 0),
(329, '2021', '6104.01.EAL.001.054', 'Pusat', '', '', 0),
(330, '2021', '6105.01.EAI.001.051', 'Pusat', '', '', 0),
(331, '2021', '6105.01.EAI.001.052', 'Pusat', '', '', 0),
(332, '2021', '6105.01.EAJ.001.051', 'Pusat', '', '', 0),
(333, '2021', '6106.01.EAF.001.051', 'Pusat', '', '', 0),
(334, '2021', '6106.01.EAH.001.051', 'Pusat', '', '', 0),
(345, '2021', '1237.01.UAB.002.051', 'Pusat', '', '', 0),
(346, '2021', '1237.01.UAE.001.051	', 'Pusat', '', '', 0),
(347, '2021', '1237.01.UAE.001.052	', 'Pusat', '', '', 0),
(348, '2021', '1237.01.UAE.001.053', 'Pusat', '', '', 0),
(349, '2021', '1237.01.UAE.001.054', 'Pusat', '', '', 0),
(350, '2021', '1237.01.UBA.001.051', 'Pusat', '', '', 0),
(351, '2021', '1237.01.UBA.001.052', 'Pusat', '', '', 0),
(352, '2021', '1237.01.UBA.001.053', 'Pusat', '', '', 0),
(353, '2021', '1237.01.UBA.001.054', 'Pusat', '', '', 0),
(354, '2021', '1237.01.UBA.001.055', 'Pusat', '', '', 0),
(355, '2021', '1237.01.UBA.002.051', 'Pusat', '', '', 0),
(356, '2021', '1237.01.UBA.002.052', 'Pusat', '', '', 0),
(357, '2021', '1237.01.UBA.002.053', 'Pusat', '', '', 0),
(358, '2021', '1237.01.UBA.003.051', 'Pusat', '', '', 0),
(359, '2021', '1237.01.UBA.004.051	', 'Pusat', '', '', 0),
(360, '2021', '1237.01.UBA.004.052', 'Pusat', '', '', 0),
(361, '2021', '1237.01.UBA.004.053', 'Pusat', '', '', 0),
(362, '2021', '1237.01.UBA.005.051', 'Pusat', '', '', 0),
(363, '2021', '1237.01.UBA.005.052', 'Pusat', '', '', 0),
(364, '2021', '1237.01.UBA.005.053', 'Pusat', '', '', 0),
(365, '2021', '1237.01.UBA.006.051', 'Pusat', '', '', 0),
(366, '2021', '1237.01.UBA.006.053', 'Pusat', '', '', 0),
(367, '2021', '1237.01.UBA.006.054', 'Pusat', '', '', 0),
(368, '2021', '1237.01.UBA.006.055', 'Pusat', '', '', 0),
(369, '2021', '1241.01.AAG.001.051', 'Pusat', '', '', 0),
(370, '2021', '1241.01.AAG.002.051', 'Pusat', '', '', 0),
(371, '2021', '1241.01.AAH.001.051', 'Pusat', '', '', 0),
(372, '2021', '1241.01.AAH.001.052', 'Pusat', '', '', 0),
(373, '2021', '1241.01.AAH.002.051', 'Pusat', '', '', 0),
(374, '2021', '1241.01.ABL.001.051	', 'Pusat', '', '', 0),
(375, '2021', '1241.01.ABL.001.051	', 'Pusat', '', '', 0),
(376, '2021', '1241.01.ABL.002.051', 'Pusat', '', '', 0),
(377, '2021', '1241.01.ABL.002.051', 'Pusat', '', '', 0),
(378, '2021', '1241.01.ABL.002.051', 'Pusat', '', '', 0),
(379, '2021', '1241.01.ABL.002.052', 'Pusat', '', '', 0),
(380, '2021', '1241.01.ABL.002.052', 'Pusat', '', '', 0),
(381, '2021', '1241.01.ABL.002.052', 'Pusat', '', '', 0),
(382, '2021', '1241.01.ABL.002.053', 'Pusat', '', '', 0),
(383, '2021', '1241.01.ABL.002.053', 'Pusat', '', '', 0),
(384, '2021', '1241.01.ABL.002.053', 'Pusat', '', '', 0),
(385, '2021', '1241.01.ABL.002.054', 'Pusat', '', '', 0),
(386, '2021', '1241.01.CAI.001.051', 'Tugas Pembantua', '', '', 0),
(387, '2021', '1241.01.CAI.001.052', 'Pusat', '', '', 0),
(388, '2021', '1241.01.FBA.001.051', 'Pusat', '', '', 0),
(389, '2021', '1241.01.FBA.001.051', 'Pusat', '', '', 0),
(390, '2021', '1241.01.FBA.001.051', 'Pusat', '', '', 0),
(391, '2021', '1241.01.FBA.002.051', 'Pusat', '', '', 0),
(392, '2021', '1241.01.FBA.002.051', 'Pusat', '', '', 0),
(393, '2021', '1241.01.FBA.002.052', 'Pusat', '', '', 0),
(394, '2021', '1241.01.FBA.002.052', 'Pusat', '', '', 0),
(395, '2021', '1241.01.FBA.003.051', 'Pusat', '', '', 0),
(396, '2021', '1241.01.FBA.003.052', 'Pusat', '', '', 0),
(397, '2021', '1241.01.FBA.003.053', 'Pusat', '', '', 0),
(398, '2021', '1241.01.FBA.003.054', 'Pusat', '', '', 0),
(399, '2021', '1241.01.FBA.003.055', 'Pusat', '', '', 0),
(400, '2021', '1241.01.FBA.003.056', 'Pusat', '', '', 0),
(401, '2021', '1241.01.FBA.004.051', 'Pusat', '', '', 0),
(402, '2021', '1241.01.FBA.004.052', 'Pusat', '', '', 0),
(403, '2021', '1241.01.FBA.004.053', 'Pusat', '', '', 0),
(404, '2021', '1241.01.PEC.001.051', 'Pusat', '', '', 0),
(405, '2021', '1241.01.PEC.001.052', 'Pusat', '', '', 0),
(406, '2021', '1241.01.PEC.001.053', 'Pusat', '', '', 0),
(407, '2021', '1241.01.PEC.001.054', 'Pusat', '', '', 0),
(408, '2021', '1241.01.PEC.001.055', 'Pusat', '', '', 0),
(409, '2021', '1241.01.PEC.001.056', 'Pusat', '', '', 0),
(410, '2021', '1241.01.PEC.001.057', 'Pusat', '', '', 0),
(411, '2021', '1241.01.UBA.001.051', 'Pusat', '', '', 0),
(412, '2021', '1241.01.UBA.001.052', 'Pusat', '', '', 0),
(413, '2021', '1241.01.UBA.001.051', 'Pusat', '', '', 0),
(414, '2021', '6136.03.AAG.001.051	', 'Pusat', '', '', 0),
(415, '2021', '6136.03.AAG.002.051	', 'Pusat', '', '', 0),
(416, '2021', '6136.03.AAG.003.051	', 'Pusat', '', '', 0),
(417, '2021', '6136.03.AAG.004.051	', 'Pusat', '', '', 0),
(418, '2021', '6136.03.AAG.005.051	', 'Pusat', '', '', 0),
(419, '2021', '6136.03.AAG.006.051	', 'Pusat', '', '', 0),
(420, '2021', '6136.03.ABQ.001.051', 'Pusat', '', '', 0),
(421, '2021', '6136.03.AFA.001.051', 'Pusat', '', '', 0),
(422, '2021', '6136.03.AFA.002.051', 'Pusat', '', '', 0),
(423, '2021', '6136.03.AFA.003.051', 'Pusat', '', '', 0),
(424, '2021', '6136.03.AFA.004.051', 'Pusat', '', '', 0),
(425, '2021', '6136.03.AFA.005.051', 'Pusat', '', '', 0),
(426, '2021', '6136.03.BEG.001.051', 'Pusat', '', '', 0),
(427, '2021', '6136.03.BEG.001.052', 'Pusat', '', '', 0),
(428, '2021', '6136.03.BEG.002.051', 'Pusat', '', '', 0),
(429, '2021', '6136.03.BEG.002.052', 'Pusat', '', '', 0),
(430, '2021', '6136.03.FBA.001.051', 'Pusat', '', '', 0),
(431, '2021', '6136.03.FBA.001.052', 'Pusat', '', '', 0),
(432, '2021', '6136.03.FBA.001.053', 'Pusat', '', '', 0),
(433, '2021', '6136.03.FBA.001.054', 'Pusat', '', '', 0),
(434, '2021', '6136.03.FBA.002.051', 'Pusat', '', '', 0),
(435, '2021', '6136.03.FBA.002.052', 'Pusat', '', '', 0),
(436, '2021', '6136.03.FBA.003.051', 'Pusat', '', '', 0),
(437, '2021', '6136.03.FBA.003.052', 'Pusat', '', '', 0),
(438, '2021', '6136.03.FBA.003.053', 'Pusat', '', '', 0),
(439, '2021', '6136.03.FBA.003.054', 'Pusat', '', '', 0),
(440, '2021', '6136.03.FBA.003.055', 'Pusat', '', '', 0),
(441, '2021', '6136.03.FBA.004.051', 'Pusat', '', '', 0),
(442, '2021', '6136.03.FBA.004.052', 'Pusat', '', '', 0),
(443, '2021', '6136.03.FBA.004.053', 'Pusat', '', '', 0),
(444, '2021', '6136.03.FBA.004.054', 'Pusat', '', '', 0),
(445, '2021', '6136.03.FBA.005.051', 'Pusat', '', '', 0),
(446, '2021', '6136.03.FBA.005.052', 'Pusat', '', '', 0),
(447, '2021', '6136.03.FBA.005.051', 'Pusat', '', '', 0),
(448, '2021', '6136.03.UBA.001.051	', 'Pusat', '', '', 0),
(449, '2021', '6136.03.UBA.001.052', 'Pusat', '', '', 0),
(450, '2021', '6136.03.UBA.001.053', 'Pusat', '', '', 0),
(451, '2021', '6136.03.UBA.001.054', 'Pusat', '', '', 0),
(452, '2021', '6136.03.UBA.002.051	', 'Pusat', '', '', 0),
(453, '2021', '6136.03.UBA.002.052', 'Pusat', '', '', 0),
(454, '2021', '6136.03.UBA.002.053', 'Pusat', '', '', 0),
(455, '2021', '6136.03.UBA.002.054', 'Pusat', '', '', 0),
(456, '2021', '6136.03.UBA.002.055', 'Pusat', '', '', 0),
(457, '2021', '6136.03.UBA.002.056', 'Pusat', '', '', 0),
(458, '2021', '6136.03.UBA.003.051	', 'Pusat', '', '', 0),
(459, '2021', '6136.03.UBA.003.052', 'Pusat', '', '', 0),
(460, '2021', '6136.03.UBA.003.053', 'Pusat', '', '', 0),
(461, '2021', '6136.03.UBA.003.054', 'Pusat', '', '', 0),
(462, '2021', '6136.03.UBA.003.055', 'Pusat', '', '', 0),
(463, '2021', '6136.03.UBA.003.056', 'Pusat', '', '', 0),
(464, '2021', '6136.03.UBA.003.057', 'Pusat', '', '', 0),
(465, '2021', '6136.03.UBA.004.051	', 'Pusat', '', '', 0),
(466, '2021', '6136.03.UBA.004.052', 'Pusat', '', '', 0),
(467, '2021', '6136.03.UBA.004.053', 'Pusat', '', '', 0),
(468, '2021', '6136.03.UBA.004.054', 'Pusat', '', '', 0),
(469, '2021', '6136.03.UBA.005.051	', 'Pusat', '', '', 0),
(470, '2021', '6136.03.UBA.005.052', 'Pusat', '', '', 0),
(471, '2021', '6136.03.UBA.005.053', 'Pusat', '', '', 0),
(472, '2021', '6137.01.ABL.051.051', 'Pusat', '', '', 0),
(473, '2021', '6137.01.ABL.052.051', 'Pusat', '', '', 0),
(474, '2021', '6137.01.FAB.001.051', 'Pusat', '', '', 0),
(475, '2021', '6137.01.FAC.001.051', 'Pusat', '', '', 0),
(476, '2021', '6137.01.FAC.001.052', 'Pusat', '', '', 0),
(477, '2021', '6137.01.FAC.001.053', 'Pusat', '', '', 0),
(478, '2021', '6137.01.FAC.001.054', 'Pusat', '', '', 0),
(479, '2021', '6137.01.FAC.002.051', 'Pusat', '', '', 0),
(480, '2021', '6137.01.FAC.002.051', 'Pusat', '', '', 0),
(481, '2021', '6137.01.FAC.002.051', 'Pusat', '', '', 0),
(482, '2021', '6137.01.FAC.002.051', 'Pusat', '', '', 0),
(483, '2021', '6103.01.EAG.001.051', 'Pusat', '', '', 0),
(484, '2021', '6104.01.EAA.994.001', 'Pusat', '', '', 0),
(485, '2021', '6104.01.EAA.994.002', 'Pusat', '', '', 0),
(486, '2021', '6104.01.EAA.994.002', 'Pusat', '', '', 0),
(487, '2021', '6104.01.EAB.001.051', 'Pusat', '', '', 0),
(488, '2021', '6104.01.EAB.001.052', 'Pusat', '', '', 0),
(489, '2021', '6104.01.EAB.001.053', 'Pusat', '', '', 0),
(490, '2021', '6104.01.EAB.002.051', 'Pusat', '', '', 0),
(491, '2021', '6104.01.EAB.002.052', 'Pusat', '', '', 0),
(492, '2021', '6104.01.EAB.002.053', 'Pusat', '', '', 0),
(493, '2021', '6104.01.EAB.003.051', 'Pusat', '', '', 0),
(494, '2021', '6104.01.EAB.003.052', 'Pusat', '', '', 0),
(495, '2021', '6104.01.EAB.004.051', 'Pusat', '', '', 0),
(496, '2021', '6104.01.EAB.004.051', 'Pusat', '', '', 0),
(497, '2021', '6104.01.EAC.001.051', 'Pusat', '', '', 0),
(498, '2021', '6104.01.EAC.001.052', 'Pusat', '', '', 0),
(499, '2021', '6104.01.EAC.002.051', 'Pusat', '', '', 0),
(500, '2021', '6104.01.EAC.002.052', 'Pusat', '', '', 0),
(501, '2021', '6104.01.EAC.002.053', 'Pusat', '', '', 0),
(502, '2021', '6104.01.EAC.002.054', 'Pusat', '', '', 0),
(503, '2021', '6104.01.EAD.001.051', 'Pusat', '', '', 0),
(504, '2021', '6104.01.EAD.001.052', 'Pusat', '', '', 0),
(505, '2021', '6104.01.EAD.001.053', 'Pusat', '', '', 0),
(506, '2021', '6104.01.EAL.001.051', 'Pusat', '', '', 0),
(507, '2021', '6104.01.EAL.001.052', 'Pusat', '', '', 0),
(508, '2021', '6104.01.EAL.001.053', 'Pusat', '', '', 0),
(509, '2021', '6104.01.EAL.001.054', 'Pusat', '', '', 0),
(510, '2021', '6105.01.EAI.001.051', 'Pusat', '', '', 0),
(511, '2021', '6105.01.EAI.001.052', 'Pusat', '', '', 0),
(512, '2021', '6105.01.EAJ.001.051', 'Pusat', '', '', 0),
(513, '2021', '6106.01.EAF.001.051', 'Pusat', '', '', 0),
(514, '2021', '6106.01.EAH.001.051', 'Pusat', '', '', 0),
(524, '2021', '1237.01.UAB.001.051', 'Pusat', '', '', 0),
(525, '2021', '1237.01.UAB.002.051', 'Pusat', '', '', 0),
(526, '2021', '1237.01.UAE.001.051	', 'Pusat', '', '', 0),
(527, '2021', '1237.01.UAE.001.052	', 'Pusat', '', '', 0),
(528, '2021', '1237.01.UAE.001.053', 'Pusat', '', '', 0),
(529, '2021', '1237.01.UAE.001.054', 'Pusat', '', '', 0),
(530, '2021', '1237.01.UBA.001.051', 'Pusat', '', '', 0),
(531, '2021', '1237.01.UBA.001.052', 'Pusat', '', '', 0),
(532, '2021', '1237.01.UBA.001.053', 'Pusat', '', '', 0),
(533, '2021', '1237.01.UBA.001.054', 'Pusat', '', '', 0),
(534, '2021', '1237.01.UBA.001.055', 'Pusat', '', '', 0),
(535, '2021', '1237.01.UBA.002.051', 'Pusat', '', '', 0),
(536, '2021', '1237.01.UBA.002.052', 'Pusat', '', '', 0),
(537, '2021', '1237.01.UBA.002.053', 'Pusat', '', '', 0),
(538, '2021', '1237.01.UBA.003.051', 'Pusat', '', '', 0),
(539, '2021', '1237.01.UBA.004.051	', 'Pusat', '', '', 0),
(540, '2021', '1237.01.UBA.004.052', 'Pusat', '', '', 0),
(541, '2021', '1237.01.UBA.004.053', 'Pusat', '', '', 0),
(542, '2021', '1237.01.UBA.005.051', 'Pusat', '', '', 0),
(543, '2021', '1237.01.UBA.005.052', 'Pusat', '', '', 0),
(544, '2021', '1237.01.UBA.005.053', 'Pusat', '', '', 0),
(545, '2021', '1237.01.UBA.006.051', 'Pusat', '', '', 0),
(546, '2021', '1237.01.UBA.006.053', 'Pusat', '', '', 0),
(547, '2021', '1237.01.UBA.006.054', 'Pusat', '', '', 0),
(548, '2021', '1237.01.UBA.006.055', 'Pusat', '', '', 0),
(549, '2021', '1241.01.AAG.001.051', 'Pusat', '', '', 0),
(550, '2021', '1241.01.AAG.002.051', 'Pusat', '', '', 0),
(551, '2021', '1241.01.AAH.001.051', 'Pusat', '', '', 0),
(552, '2021', '1241.01.AAH.001.052', 'Pusat', '', '', 0),
(553, '2021', '1241.01.AAH.002.051', 'Pusat', '', '', 0),
(554, '2021', '1241.01.ABL.001.051	', 'Pusat', '', '', 0),
(555, '2021', '1241.01.ABL.001.051	', 'Pusat', '', '', 0),
(556, '2021', '1241.01.ABL.002.051', 'Pusat', '', '', 0),
(557, '2021', '1241.01.ABL.002.051', 'Pusat', '', '', 0),
(558, '2021', '1241.01.ABL.002.051', 'Pusat', '', '', 0),
(559, '2021', '1241.01.ABL.002.052', 'Pusat', '', '', 0),
(560, '2021', '1241.01.ABL.002.052', 'Pusat', '', '', 0),
(561, '2021', '1241.01.ABL.002.052', 'Pusat', '', '', 0),
(562, '2021', '1241.01.ABL.002.053', 'Pusat', '', '', 0),
(563, '2021', '1241.01.ABL.002.053', 'Pusat', '', '', 0),
(564, '2021', '1241.01.ABL.002.053', 'Pusat', '', '', 0),
(565, '2021', '1241.01.ABL.002.054', 'Pusat', '', '', 0),
(566, '2021', '1241.01.CAI.001.051', 'Tugas Pembantua', '', '', 0),
(567, '2021', '1241.01.CAI.001.052', 'Pusat', '', '', 0),
(568, '2021', '1241.01.FBA.001.051', 'Pusat', '', '', 0),
(569, '2021', '1241.01.FBA.001.051', 'Pusat', '', '', 0),
(570, '2021', '1241.01.FBA.001.051', 'Pusat', '', '', 0),
(571, '2021', '1241.01.FBA.002.051', 'Pusat', '', '', 0),
(572, '2021', '1241.01.FBA.002.051', 'Pusat', '', '', 0),
(573, '2021', '1241.01.FBA.002.052', 'Pusat', '', '', 0),
(574, '2021', '1241.01.FBA.002.052', 'Pusat', '', '', 0),
(575, '2021', '1241.01.FBA.003.051', 'Pusat', '', '', 0),
(576, '2021', '1241.01.FBA.003.052', 'Pusat', '', '', 0),
(577, '2021', '1241.01.FBA.003.053', 'Pusat', '', '', 0),
(578, '2021', '1241.01.FBA.003.054', 'Pusat', '', '', 0),
(579, '2021', '1241.01.FBA.003.055', 'Pusat', '', '', 0),
(580, '2021', '1241.01.FBA.003.056', 'Pusat', '', '', 0),
(581, '2021', '1241.01.FBA.004.051', 'Pusat', '', '', 0),
(582, '2021', '1241.01.FBA.004.052', 'Pusat', '', '', 0),
(583, '2021', '1241.01.FBA.004.053', 'Pusat', '', '', 0),
(584, '2021', '1241.01.PEC.001.051', 'Pusat', '', '', 0),
(585, '2021', '1241.01.PEC.001.052', 'Pusat', '', '', 0),
(586, '2021', '1241.01.PEC.001.053', 'Pusat', '', '', 0),
(587, '2021', '1241.01.PEC.001.054', 'Pusat', '', '', 0),
(588, '2021', '1241.01.PEC.001.055', 'Pusat', '', '', 0),
(589, '2021', '1241.01.PEC.001.056', 'Pusat', '', '', 0),
(590, '2021', '1241.01.PEC.001.057', 'Pusat', '', '', 0),
(591, '2021', '1241.01.UBA.001.051', 'Pusat', '', '', 0),
(592, '2021', '1241.01.UBA.001.052', 'Pusat', '', '', 0),
(593, '2021', '1241.01.UBA.001.051', 'Pusat', '', '', 0),
(594, '2021', '6136.03.AAG.001.051	', 'Pusat', '', '', 0),
(595, '2021', '6136.03.AAG.002.051	', 'Pusat', '', '', 0),
(596, '2021', '6136.03.AAG.003.051	', 'Pusat', '', '', 0),
(597, '2021', '6136.03.AAG.004.051	', 'Pusat', '', '', 0),
(598, '2021', '6136.03.AAG.005.051	', 'Pusat', '', '', 0),
(599, '2021', '6136.03.AAG.006.051	', 'Pusat', '', '', 0),
(600, '2021', '6136.03.ABQ.001.051', 'Pusat', '', '', 0),
(601, '2021', '6136.03.AFA.001.051', 'Pusat', '', '', 0),
(602, '2021', '6136.03.AFA.002.051', 'Pusat', '', '', 0),
(603, '2021', '6136.03.AFA.003.051', 'Pusat', '', '', 0),
(604, '2021', '6136.03.AFA.004.051', 'Pusat', '', '', 0),
(605, '2021', '6136.03.AFA.005.051', 'Pusat', '', '', 0),
(606, '2021', '6136.03.BEG.001.051', 'Pusat', '', '', 0),
(607, '2021', '6136.03.BEG.001.052', 'Pusat', '', '', 0),
(608, '2021', '6136.03.BEG.002.051', 'Pusat', '', '', 0),
(609, '2021', '6136.03.BEG.002.052', 'Pusat', '', '', 0),
(610, '2021', '6136.03.FBA.001.051', 'Pusat', '', '', 0),
(611, '2021', '6136.03.FBA.001.052', 'Pusat', '', '', 0),
(612, '2021', '6136.03.FBA.001.053', 'Pusat', '', '', 0),
(613, '2021', '6136.03.FBA.001.054', 'Pusat', '', '', 0),
(614, '2021', '6136.03.FBA.002.051', 'Pusat', '', '', 0),
(615, '2021', '6136.03.FBA.002.052', 'Pusat', '', '', 0),
(616, '2021', '6136.03.FBA.003.051', 'Pusat', '', '', 0),
(617, '2021', '6136.03.FBA.003.052', 'Pusat', '', '', 0),
(618, '2021', '6136.03.FBA.003.053', 'Pusat', '', '', 0),
(619, '2021', '6136.03.FBA.003.054', 'Pusat', '', '', 0),
(620, '2021', '6136.03.FBA.003.055', 'Pusat', '', '', 0),
(621, '2021', '6136.03.FBA.004.051', 'Pusat', '', '', 0),
(622, '2021', '6136.03.FBA.004.052', 'Pusat', '', '', 0),
(623, '2021', '6136.03.FBA.004.053', 'Pusat', '', '', 0),
(624, '2021', '6136.03.FBA.004.054', 'Pusat', '', '', 0),
(625, '2021', '6136.03.FBA.005.051', 'Pusat', '', '', 0),
(626, '2021', '6136.03.FBA.005.052', 'Pusat', '', '', 0),
(627, '2021', '6136.03.FBA.005.051', 'Pusat', '', '', 0),
(628, '2021', '6136.03.UBA.001.051	', 'Pusat', '', '', 0),
(629, '2021', '6136.03.UBA.001.052', 'Pusat', '', '', 0),
(630, '2021', '6136.03.UBA.001.053', 'Pusat', '', '', 0),
(631, '2021', '6136.03.UBA.001.054', 'Pusat', '', '', 0),
(632, '2021', '6136.03.UBA.002.051	', 'Pusat', '', '', 0),
(633, '2021', '6136.03.UBA.002.052', 'Pusat', '', '', 0),
(634, '2021', '6136.03.UBA.002.053', 'Pusat', '', '', 0),
(635, '2021', '6136.03.UBA.002.054', 'Pusat', '', '', 0),
(636, '2021', '6136.03.UBA.002.055', 'Pusat', '', '', 0),
(637, '2021', '6136.03.UBA.002.056', 'Pusat', '', '', 0),
(638, '2021', '6136.03.UBA.003.051	', 'Pusat', '', '', 0),
(639, '2021', '6136.03.UBA.003.052', 'Pusat', '', '', 0),
(640, '2021', '6136.03.UBA.003.053', 'Pusat', '', '', 0),
(641, '2021', '6136.03.UBA.003.054', 'Pusat', '', '', 0),
(642, '2021', '6136.03.UBA.003.055', 'Pusat', '', '', 0),
(643, '2021', '6136.03.UBA.003.056', 'Pusat', '', '', 0),
(644, '2021', '6136.03.UBA.003.057', 'Pusat', '', '', 0),
(645, '2021', '6136.03.UBA.004.051	', 'Pusat', '', '', 0),
(646, '2021', '6136.03.UBA.004.052', 'Pusat', '', '', 0),
(647, '2021', '6136.03.UBA.004.053', 'Pusat', '', '', 0),
(648, '2021', '6136.03.UBA.004.054', 'Pusat', '', '', 0),
(649, '2021', '6136.03.UBA.005.051	', 'Pusat', '', '', 0),
(650, '2021', '6136.03.UBA.005.052', 'Pusat', '', '', 0),
(651, '2021', '6136.03.UBA.005.053', 'Pusat', '', '', 0),
(652, '2021', '6137.01.ABL.051.051', 'Pusat', '', '', 0),
(653, '2021', '6137.01.ABL.052.051', 'Pusat', '', '', 0),
(654, '2021', '6137.01.FAB.001.051', 'Pusat', '', '', 0),
(655, '2021', '6137.01.FAC.001.051', 'Pusat', '', '', 0),
(656, '2021', '6137.01.FAC.001.052', 'Pusat', '', '', 0),
(657, '2021', '6137.01.FAC.001.053', 'Pusat', '', '', 0),
(658, '2021', '6137.01.FAC.001.054', 'Pusat', '', '', 0),
(659, '2021', '6137.01.FAC.002.051', 'Pusat', '', '', 0),
(660, '2021', '6137.01.FAC.002.051', 'Pusat', '', '', 0),
(661, '2021', '6137.01.FAC.002.051', 'Pusat', '', '', 0),
(662, '2021', '6137.01.FAC.002.051', 'Pusat', '', '', 0),
(663, '2021', '6103.01.EAG.001.051', 'Pusat', '', '', 0),
(664, '2021', '6104.01.EAA.994.001', 'Pusat', '', '', 0),
(665, '2021', '6104.01.EAA.994.002', 'Pusat', '', '', 0),
(666, '2021', '6104.01.EAA.994.002', 'Pusat', '', '', 0),
(667, '2021', '6104.01.EAB.001.051', 'Pusat', '', '', 0),
(668, '2021', '6104.01.EAB.001.052', 'Pusat', '', '', 0),
(669, '2021', '6104.01.EAB.001.053', 'Pusat', '', '', 0),
(670, '2021', '6104.01.EAB.002.051', 'Pusat', '', '', 0),
(671, '2021', '6104.01.EAB.002.052', 'Pusat', '', '', 0),
(672, '2021', '6104.01.EAB.002.053', 'Pusat', '', '', 0),
(673, '2021', '6104.01.EAB.003.051', 'Pusat', '', '', 0),
(674, '2021', '6104.01.EAB.003.052', 'Pusat', '', '', 0),
(675, '2021', '6104.01.EAB.004.051', 'Pusat', '', '', 0),
(676, '2021', '6104.01.EAB.004.051', 'Pusat', '', '', 0),
(677, '2021', '6104.01.EAC.001.051', 'Pusat', '', '', 0),
(678, '2021', '6104.01.EAC.001.052', 'Pusat', '', '', 0),
(679, '2021', '6104.01.EAC.002.051', 'Pusat', '', '', 0),
(680, '2021', '6104.01.EAC.002.052', 'Pusat', '', '', 0),
(681, '2021', '6104.01.EAC.002.053', 'Pusat', '', '', 0),
(682, '2021', '6104.01.EAC.002.054', 'Pusat', '', '', 0),
(683, '2021', '6104.01.EAD.001.051', 'Pusat', '', '', 0),
(684, '2021', '6104.01.EAD.001.052', 'Pusat', '', '', 0),
(685, '2021', '6104.01.EAD.001.053', 'Pusat', '', '', 0),
(686, '2021', '6104.01.EAL.001.051', 'Pusat', '', '', 0),
(687, '2021', '6104.01.EAL.001.052', 'Pusat', '', '', 0),
(688, '2021', '6104.01.EAL.001.053', 'Pusat', '', '', 0),
(689, '2021', '6104.01.EAL.001.054', 'Pusat', '', '', 0),
(690, '2021', '6105.01.EAI.001.051', 'Pusat', '', '', 0),
(691, '2021', '6105.01.EAI.001.052', 'Pusat', '', '', 0),
(692, '2021', '6105.01.EAJ.001.051', 'Pusat', '', '', 0),
(693, '2021', '6106.01.EAF.001.051', 'Pusat', '', '', 0),
(694, '2021', '6106.01.EAH.001.051', 'Pusat', '', '', 0),
(706, '2021', '1237.01.UAB.001.051', 'Pusat', '', '', 0),
(707, '2021', '1237.01.UAB.002.051', 'Pusat', '', '', 0),
(708, '2021', '1237.01.UAE.001.051	', 'Pusat', '', '', 0),
(709, '2021', '1237.01.UAE.001.052	', 'Pusat', '', '', 0),
(710, '2021', '1237.01.UAE.001.053', 'Pusat', '', '', 0),
(711, '2021', '1237.01.UAE.001.054', 'Pusat', '', '', 0),
(712, '2021', '1237.01.UBA.001.051', 'Pusat', '', '', 0),
(713, '2021', '1237.01.UBA.001.052', 'Pusat', '', '', 0),
(714, '2021', '1237.01.UBA.001.053', 'Pusat', '', '', 0),
(715, '2021', '1237.01.UBA.001.054', 'Pusat', '', '', 0),
(716, '2021', '1237.01.UBA.001.055', 'Pusat', '', '', 0),
(717, '2021', '1237.01.UBA.002.051', 'Pusat', '', '', 0),
(718, '2021', '1237.01.UBA.002.052', 'Pusat', '', '', 0),
(719, '2021', '1237.01.UBA.002.053', 'Pusat', '', '', 0),
(720, '2021', '1237.01.UBA.003.051', 'Pusat', '', '', 0),
(721, '2021', '1237.01.UBA.004.051	', 'Pusat', '', '', 0),
(722, '2021', '1237.01.UBA.004.052', 'Pusat', '', '', 0),
(723, '2021', '1237.01.UBA.004.053', 'Pusat', '', '', 0),
(724, '2021', '1237.01.UBA.005.051', 'Pusat', '', '', 0),
(725, '2021', '1237.01.UBA.005.052', 'Pusat', '', '', 0),
(726, '2021', '1237.01.UBA.005.053', 'Pusat', '', '', 0),
(727, '2021', '1237.01.UBA.006.051', 'Pusat', '', '', 0),
(728, '2021', '1237.01.UBA.006.053', 'Pusat', '', '', 0),
(729, '2021', '1237.01.UBA.006.054', 'Pusat', '', '', 0),
(730, '2021', '1237.01.UBA.006.055', 'Pusat', '', '', 0),
(731, '2021', '1241.01.AAG.001.051', 'Pusat', '', '', 0),
(732, '2021', '1241.01.AAG.002.051', 'Pusat', '', '', 0),
(733, '2021', '1241.01.AAH.001.051', 'Pusat', '', '', 0),
(734, '2021', '1241.01.AAH.001.052', 'Pusat', '', '', 0),
(735, '2021', '1241.01.AAH.002.051', 'Pusat', '', '', 0),
(736, '2021', '1241.01.ABL.001.051	', 'Pusat', '', '', 0),
(737, '2021', '1241.01.ABL.001.051	', 'Pusat', '', '', 0),
(738, '2021', '1241.01.ABL.002.051', 'Pusat', '', '', 0),
(739, '2021', '1241.01.ABL.002.051', 'Pusat', '', '', 0),
(740, '2021', '1241.01.ABL.002.051', 'Pusat', '', '', 0),
(741, '2021', '1241.01.ABL.002.052', 'Pusat', '', '', 0),
(742, '2021', '1241.01.ABL.002.052', 'Pusat', '', '', 0),
(743, '2021', '1241.01.ABL.002.052', 'Pusat', '', '', 0),
(744, '2021', '1241.01.ABL.002.053', 'Pusat', '', '', 0),
(745, '2021', '1241.01.ABL.002.053', 'Pusat', '', '', 0),
(746, '2021', '1241.01.ABL.002.053', 'Pusat', '', '', 0),
(747, '2021', '1241.01.ABL.002.054', 'Pusat', '', '', 0),
(748, '2021', '1241.01.CAI.001.051', 'Tugas Pembantua', '', '', 0),
(749, '2021', '1241.01.CAI.001.052', 'Pusat', '', '', 0),
(750, '2021', '1241.01.FBA.001.051', 'Pusat', '', '', 0),
(751, '2021', '1241.01.FBA.001.051', 'Pusat', '', '', 0),
(752, '2021', '1241.01.FBA.001.051', 'Pusat', '', '', 0),
(753, '2021', '1241.01.FBA.002.051', 'Pusat', '', '', 0),
(754, '2021', '1241.01.FBA.002.051', 'Pusat', '', '', 0),
(755, '2021', '1241.01.FBA.002.052', 'Pusat', '', '', 0),
(756, '2021', '1241.01.FBA.002.052', 'Pusat', '', '', 0),
(757, '2021', '1241.01.FBA.003.051', 'Pusat', '', '', 0),
(758, '2021', '1241.01.FBA.003.052', 'Pusat', '', '', 0),
(759, '2021', '1241.01.FBA.003.053', 'Pusat', '', '', 0),
(760, '2021', '1241.01.FBA.003.054', 'Pusat', '', '', 0),
(761, '2021', '1241.01.FBA.003.055', 'Pusat', '', '', 0),
(762, '2021', '1241.01.FBA.003.056', 'Pusat', '', '', 0),
(763, '2021', '1241.01.FBA.004.051', 'Pusat', '', '', 0),
(764, '2021', '1241.01.FBA.004.052', 'Pusat', '', '', 0),
(765, '2021', '1241.01.FBA.004.053', 'Pusat', '', '', 0),
(766, '2021', '1241.01.PEC.001.051', 'Pusat', '', '', 0),
(767, '2021', '1241.01.PEC.001.052', 'Pusat', '', '', 0),
(768, '2021', '1241.01.PEC.001.053', 'Pusat', '', '', 0),
(769, '2021', '1241.01.PEC.001.054', 'Pusat', '', '', 0),
(770, '2021', '1241.01.PEC.001.055', 'Pusat', '', '', 0),
(771, '2021', '1241.01.PEC.001.056', 'Pusat', '', '', 0),
(772, '2021', '1241.01.PEC.001.057', 'Pusat', '', '', 0),
(773, '2021', '1241.01.UBA.001.051', 'Pusat', '', '', 0),
(774, '2021', '1241.01.UBA.001.052', 'Pusat', '', '', 0),
(775, '2021', '1241.01.UBA.001.051', 'Pusat', '', '', 0),
(776, '2021', '6136.03.AAG.001.051	', 'Pusat', '', '', 0),
(777, '2021', '6136.03.AAG.002.051	', 'Pusat', '', '', 0),
(778, '2021', '6136.03.AAG.003.051	', 'Pusat', '', '', 0),
(779, '2021', '6136.03.AAG.004.051	', 'Pusat', '', '', 0),
(780, '2021', '6136.03.AAG.005.051	', 'Pusat', '', '', 0),
(781, '2021', '6136.03.AAG.006.051	', 'Pusat', '', '', 0),
(782, '2021', '6136.03.ABQ.001.051', 'Pusat', '', '', 0),
(783, '2021', '6136.03.AFA.001.051', 'Pusat', '', '', 0),
(784, '2021', '6136.03.AFA.002.051', 'Pusat', '', '', 0),
(785, '2021', '6136.03.AFA.003.051', 'Pusat', '', '', 0),
(786, '2021', '6136.03.AFA.004.051', 'Pusat', '', '', 0),
(787, '2021', '6136.03.AFA.005.051', 'Pusat', '', '', 0),
(788, '2021', '6136.03.BEG.001.051', 'Pusat', '', '', 0),
(789, '2021', '6136.03.BEG.001.052', 'Pusat', '', '', 0),
(790, '2021', '6136.03.BEG.002.051', 'Pusat', '', '', 0),
(791, '2021', '6136.03.BEG.002.052', 'Pusat', '', '', 0),
(792, '2021', '6136.03.FBA.001.051', 'Pusat', '', '', 0),
(793, '2021', '6136.03.FBA.001.052', 'Pusat', '', '', 0),
(794, '2021', '6136.03.FBA.001.053', 'Pusat', '', '', 0),
(795, '2021', '6136.03.FBA.001.054', 'Pusat', '', '', 0),
(796, '2021', '6136.03.FBA.002.051', 'Pusat', '', '', 0),
(797, '2021', '6136.03.FBA.002.052', 'Pusat', '', '', 0),
(798, '2021', '6136.03.FBA.003.051', 'Pusat', '', '', 0),
(799, '2021', '6136.03.FBA.003.052', 'Pusat', '', '', 0),
(800, '2021', '6136.03.FBA.003.053', 'Pusat', '', '', 0),
(801, '2021', '6136.03.FBA.003.054', 'Pusat', '', '', 0),
(802, '2021', '6136.03.FBA.003.055', 'Pusat', '', '', 0),
(803, '2021', '6136.03.FBA.004.051', 'Pusat', '', '', 0),
(804, '2021', '6136.03.FBA.004.052', 'Pusat', '', '', 0),
(805, '2021', '6136.03.FBA.004.053', 'Pusat', '', '', 0),
(806, '2021', '6136.03.FBA.004.054', 'Pusat', '', '', 0),
(807, '2021', '6136.03.FBA.005.051', 'Pusat', '', '', 0),
(808, '2021', '6136.03.FBA.005.052', 'Pusat', '', '', 0),
(809, '2021', '6136.03.FBA.005.051', 'Pusat', '', '', 0),
(810, '2021', '6136.03.UBA.001.051	', 'Pusat', '', '', 0),
(811, '2021', '6136.03.UBA.001.052', 'Pusat', '', '', 0),
(812, '2021', '6136.03.UBA.001.053', 'Pusat', '', '', 0),
(813, '2021', '6136.03.UBA.001.054', 'Pusat', '', '', 0),
(814, '2021', '6136.03.UBA.002.051	', 'Pusat', '', '', 0),
(815, '2021', '6136.03.UBA.002.052', 'Pusat', '', '', 0),
(816, '2021', '6136.03.UBA.002.053', 'Pusat', '', '', 0),
(817, '2021', '6136.03.UBA.002.054', 'Pusat', '', '', 0),
(818, '2021', '6136.03.UBA.002.055', 'Pusat', '', '', 0),
(819, '2021', '6136.03.UBA.002.056', 'Pusat', '', '', 0),
(820, '2021', '6136.03.UBA.003.051	', 'Pusat', '', '', 0),
(821, '2021', '6136.03.UBA.003.052', 'Pusat', '', '', 0),
(822, '2021', '6136.03.UBA.003.053', 'Pusat', '', '', 0),
(823, '2021', '6136.03.UBA.003.054', 'Pusat', '', '', 0),
(824, '2021', '6136.03.UBA.003.055', 'Pusat', '', '', 0),
(825, '2021', '6136.03.UBA.003.056', 'Pusat', '', '', 0),
(826, '2021', '6136.03.UBA.003.057', 'Pusat', '', '', 0),
(827, '2021', '6136.03.UBA.004.051	', 'Pusat', '', '', 0),
(828, '2021', '6136.03.UBA.004.052', 'Pusat', '', '', 0),
(829, '2021', '6136.03.UBA.004.053', 'Pusat', '', '', 0),
(830, '2021', '6136.03.UBA.004.054', 'Pusat', '', '', 0),
(831, '2021', '6136.03.UBA.005.051	', 'Pusat', '', '', 0),
(832, '2021', '6136.03.UBA.005.052', 'Pusat', '', '', 0),
(833, '2021', '6136.03.UBA.005.053', 'Pusat', '', '', 0),
(834, '2021', '6137.01.ABL.051.051', 'Pusat', '', '', 0),
(835, '2021', '6137.01.ABL.052.051', 'Pusat', '', '', 0),
(836, '2021', '6137.01.FAB.001.051', 'Pusat', '', '', 0),
(837, '2021', '6137.01.FAC.001.051', 'Pusat', '', '', 0),
(838, '2021', '6137.01.FAC.001.052', 'Pusat', '', '', 0),
(839, '2021', '6137.01.FAC.001.053', 'Pusat', '', '', 0),
(840, '2021', '6137.01.FAC.001.054', 'Pusat', '', '', 0),
(841, '2021', '6137.01.FAC.002.051', 'Pusat', '', '', 0),
(842, '2021', '6137.01.FAC.002.051', 'Pusat', '', '', 0),
(843, '2021', '6137.01.FAC.002.051', 'Pusat', '', '', 0),
(844, '2021', '6137.01.FAC.002.051', 'Pusat', '', '', 0),
(845, '2021', '6103.01.EAG.001.051', 'Pusat', '', '', 0),
(846, '2021', '6104.01.EAA.994.001', 'Pusat', '', '', 0),
(847, '2021', '6104.01.EAA.994.002', 'Pusat', '', '', 0),
(848, '2021', '6104.01.EAA.994.002', 'Pusat', '', '', 0),
(849, '2021', '6104.01.EAB.001.051', 'Pusat', '', '', 0),
(850, '2021', '6104.01.EAB.001.052', 'Pusat', '', '', 0),
(851, '2021', '6104.01.EAB.001.053', 'Pusat', '', '', 0),
(852, '2021', '6104.01.EAB.002.051', 'Pusat', '', '', 0),
(853, '2021', '6104.01.EAB.002.052', 'Pusat', '', '', 0),
(854, '2021', '6104.01.EAB.002.053', 'Pusat', '', '', 0),
(855, '2021', '6104.01.EAB.003.051', 'Pusat', '', '', 0),
(856, '2021', '6104.01.EAB.003.052', 'Pusat', '', '', 0),
(857, '2021', '6104.01.EAB.004.051', 'Pusat', '', '', 0),
(858, '2021', '6104.01.EAB.004.051', 'Pusat', '', '', 0),
(859, '2021', '6104.01.EAC.001.051', 'Pusat', '', '', 0),
(860, '2021', '6104.01.EAC.001.052', 'Pusat', '', '', 0),
(861, '2021', '6104.01.EAC.002.051', 'Pusat', '', '', 0),
(862, '2021', '6104.01.EAC.002.052', 'Pusat', '', '', 0),
(863, '2021', '6104.01.EAC.002.053', 'Pusat', '', '', 0),
(864, '2021', '6104.01.EAC.002.054', 'Pusat', '', '', 0),
(865, '2021', '6104.01.EAD.001.051', 'Pusat', '', '', 0),
(866, '2021', '6104.01.EAD.001.052', 'Pusat', '', '', 0),
(867, '2021', '6104.01.EAD.001.053', 'Pusat', '', '', 0),
(868, '2021', '6104.01.EAL.001.051', 'Pusat', '', '', 0),
(869, '2021', '6104.01.EAL.001.052', 'Pusat', '', '', 0),
(870, '2021', '6104.01.EAL.001.053', 'Pusat', '', '', 0),
(871, '2021', '6104.01.EAL.001.054', 'Pusat', '', '', 0),
(872, '2021', '6105.01.EAI.001.051', 'Pusat', '', '', 0),
(873, '2021', '6105.01.EAI.001.052', 'Pusat', '', '', 0),
(874, '2021', '6105.01.EAJ.001.051', 'Pusat', '', '', 0),
(875, '2021', '6106.01.EAF.001.051', 'Pusat', '', '', 0),
(876, '2021', '6106.01.EAH.001.051', 'Pusat', '', '', 0),
(879, '2021', '1237.01.PBL.001.061', 'Pusat', '', '', 400000000),
(881, '2021', '1237.01.PBL.001.063', 'Pusat', '', '', 700000000),
(882, '2021', '1237.01.PBL.001.064', 'Pusat', '', '', 1300000000),
(883, '2021', '1237.01.PEC.015.051', 'Pusat', '', '', 1180000000),
(886, '2021', '1237.01.UAB.001.051', 'Pusat', '', '', 400000000),
(887, '2021', '1237.01.UAB.002.051', 'Pusat', '', '', 500000000),
(888, '2021', '1237.01.UAE.001.051	', 'Pusat', '', '', 1500000000),
(889, '2021', '1237.01.UAE.001.052	', 'Pusat', '', '', 751000000),
(890, '2021', '1237.01.UAE.001.053', 'Pusat', '', '', 1000000000),
(891, '2021', '1237.01.UAE.001.054', 'Pusat', '', '', 1000000000),
(892, '2021', '1237.01.UBA.001.051', 'Pusat', '', '', 249994000),
(893, '2021', '1237.01.UBA.001.052', 'Pusat', '', '', 229256000),
(894, '2021', '1237.01.UBA.001.053', 'Pusat', '', '', 360000000),
(895, '2021', '1237.01.UBA.001.054', 'Pusat', '', '', 200000000),
(896, '2021', '1237.01.UBA.001.055', 'Pusat', '', '', 460750000),
(897, '2021', '1237.01.UBA.002.051', 'Pusat', '', '', 500000000),
(898, '2021', '1237.01.UBA.002.052', 'Pusat', '', '', 500000000),
(899, '2021', '1237.01.UBA.002.053', 'Pusat', '', '', 1500000000),
(900, '2021', '1237.01.UBA.003.051', 'Pusat', '', '', 1500000000),
(901, '2021', '1237.01.UBA.004.051	', 'Pusat', '', '', 300000000),
(902, '2021', '1237.01.UBA.004.052', 'Pusat', '', '', 900000000),
(903, '2021', '1237.01.UBA.004.053', 'Pusat', '', '', 300000000),
(904, '2021', '1237.01.UBA.005.051', 'Pusat', '', '', 250000000),
(905, '2021', '1237.01.UBA.005.052', 'Pusat', '', '', 600000000),
(906, '2021', '1237.01.UBA.005.053', 'Pusat', '', '', 650000000),
(907, '2021', '1237.01.UBA.006.051', 'Pusat', '', '', 800000000),
(908, '2021', '1237.01.UBA.006.053', 'Pusat', '', '', 600000000),
(909, '2021', '1237.01.UBA.006.054', 'Pusat', '', '', 744650000),
(910, '2021', '1237.01.UBA.006.055', 'Pusat', '', '', 300000000),
(911, '2021', '1241.01.AAG.001.051', 'Pusat', '', '', 200000000),
(912, '2021', '1241.01.AAG.002.051', 'Pusat', '', '', 200000000),
(913, '2021', '1241.01.AAH.001.051', 'Pusat', '', '', 250000000),
(914, '2021', '1241.01.AAH.001.052', 'Pusat', '', '', 300000000),
(915, '2021', '1241.01.AAH.002.051', 'Pusat', '', '', 50000000),
(916, '2021', '1241.01.ABL.001.051	', 'Pusat', '', '', 250000000),
(917, '2021', '1241.01.ABL.001.051	', 'Pusat', '', '', 250000000),
(918, '2021', '1241.01.ABL.002.051', 'Pusat', '', '', 376215000),
(919, '2021', '1241.01.ABL.002.051', 'Pusat', '', '', 516750000),
(920, '2021', '1241.01.ABL.002.051', 'Pusat', '', '', 500000000),
(921, '2021', '1241.01.ABL.002.052', 'Pusat', '', '', 200000000),
(922, '2021', '1241.01.ABL.002.052', 'Pusat', '', '', 200000000),
(923, '2021', '1241.01.ABL.002.052', 'Pusat', '', '', 416788000),
(924, '2021', '1241.01.ABL.002.053', 'Pusat', '', '', 500001000),
(925, '2021', '1241.01.ABL.002.053', 'Pusat', '', '', 510236000),
(926, '2021', '1241.01.ABL.002.053', 'Pusat', '', '', 600000000),
(927, '2021', '1241.01.ABL.002.054', 'Pusat', '', '', 650000000),
(928, '2021', '1241.01.CAI.001.051', 'Tugas Pembantua', '', '', 2850000000),
(929, '2021', '1241.01.CAI.001.052', 'Pusat', '', '', 50000000),
(930, '2021', '1241.01.FBA.001.051', 'Pusat', '', '', 508900000),
(931, '2021', '1241.01.FBA.001.051', 'Pusat', '', '', 508900000),
(932, '2021', '1241.01.FBA.001.051', 'Pusat', '', '', 458900000),
(933, '2021', '1241.01.FBA.002.051', 'Pusat', '', '', 500000000),
(934, '2021', '1241.01.FBA.002.051', 'Pusat', '', '', 664436000),
(935, '2021', '1241.01.FBA.002.052', 'Pusat', '', '', 250000000),
(936, '2021', '1241.01.FBA.002.052', 'Pusat', '', '', 117564000),
(937, '2021', '1241.01.FBA.003.051', 'Pusat', '', '', 300000000),
(938, '2021', '1241.01.FBA.003.052', 'Pusat', '', '', 250000000),
(939, '2021', '1241.01.FBA.003.053', 'Pusat', '', '', 200000000),
(940, '2021', '1241.01.FBA.003.054', 'Pusat', '', '', 249000000),
(941, '2021', '1241.01.FBA.003.055', 'Pusat', '', '', 300000000),
(942, '2021', '1241.01.FBA.003.056', 'Pusat', '', '', 150000000),
(943, '2021', '1241.01.FBA.004.051', 'Pusat', '', '', 420000000),
(944, '2021', '1241.01.FBA.004.052', 'Pusat', '', '', 250000000),
(945, '2021', '1241.01.FBA.004.053', 'Pusat', '', '', 130000000),
(946, '2021', '1241.01.PEC.001.051', 'Pusat', '', '', 1000000000),
(947, '2021', '1241.01.PEC.001.052', 'Pusat', '', '', 650000000),
(948, '2021', '1241.01.PEC.001.053', 'Pusat', '', '', 500000000);
INSERT INTO `tb_pagu` (`id_pagu`, `tahun`, `no_akun`, `jenis_akun`, `prov`, `kab`, `pagu`) VALUES
(949, '2021', '1241.01.PEC.001.054', 'Pusat', '', '', 500000000),
(950, '2021', '1241.01.PEC.001.055', 'Pusat', '', '', 500000000),
(951, '2021', '1241.01.PEC.001.056', 'Pusat', '', '', 700000000),
(952, '2021', '1241.01.PEC.001.057', 'Pusat', '', '', 650000000),
(953, '2021', '1241.01.UBA.001.051', 'Pusat', '', '', 1300000000),
(954, '2021', '1241.01.UBA.001.052', 'Pusat', '', '', 900000000),
(955, '2021', '1241.01.UBA.001.051', 'Pusat', '', '', 800000000),
(956, '2021', '6136.03.AAG.001.051	', 'Pusat', '', '', 150000000),
(957, '2021', '6136.03.AAG.002.051	', 'Pusat', '', '', 150000000),
(958, '2021', '6136.03.AAG.003.051	', 'Pusat', '', '', 150000000),
(959, '2021', '6136.03.AAG.004.051	', 'Pusat', '', '', 150000000),
(960, '2021', '6136.03.AAG.005.051	', 'Pusat', '', '', 150000000),
(961, '2021', '6136.03.AAG.006.051	', 'Pusat', '', '', 150000000),
(962, '2021', '6136.03.ABQ.001.051', 'Pusat', '', '', 150000000),
(963, '2021', '6136.03.AFA.001.051', 'Pusat', '', '', 250000000),
(964, '2021', '6136.03.AFA.002.051', 'Pusat', '', '', 150000000),
(965, '2021', '6136.03.AFA.003.051', 'Pusat', '', '', 150000000),
(966, '2021', '6136.03.AFA.004.051', 'Pusat', '', '', 150000000),
(967, '2021', '6136.03.AFA.005.051', 'Pusat', '', '', 655000000),
(968, '2021', '6136.03.BEG.001.051', 'Pusat', '', '', 1200000000),
(969, '2021', '6136.03.BEG.001.052', 'Pusat', '', '', 1600000000),
(970, '2021', '6136.03.BEG.002.051', 'Pusat', '', '', 1000000000),
(971, '2021', '6136.03.BEG.002.052', 'Pusat', '', '', 100000000),
(972, '2021', '6136.03.FBA.001.051', 'Pusat', '', '', 300000000),
(973, '2021', '6136.03.FBA.001.052', 'Pusat', '', '', 250000000),
(974, '2021', '6136.03.FBA.001.053', 'Pusat', '', '', 145000000),
(975, '2021', '6136.03.FBA.001.054', 'Pusat', '', '', 600000000),
(976, '2021', '6136.03.FBA.002.051', 'Pusat', '', '', 570000000),
(977, '2021', '6136.03.FBA.002.052', 'Pusat', '', '', 250000000),
(978, '2021', '6136.03.FBA.003.051', 'Pusat', '', '', 350000000),
(979, '2021', '6136.03.FBA.003.052', 'Pusat', '', '', 300000000),
(980, '2021', '6136.03.FBA.003.053', 'Pusat', '', '', 450000000),
(981, '2021', '6136.03.FBA.003.054', 'Pusat', '', '', 250000000),
(982, '2021', '6136.03.FBA.003.055', 'Pusat', '', '', 250000000),
(983, '2021', '6136.03.FBA.004.051', 'Pusat', '', '', 100000000),
(984, '2021', '6136.03.FBA.004.052', 'Pusat', '', '', 150000000),
(985, '2021', '6136.03.FBA.004.053', 'Pusat', '', '', 300000000),
(986, '2021', '6136.03.FBA.004.054', 'Pusat', '', '', 200000000),
(987, '2021', '6136.03.FBA.005.051', 'Pusat', '', '', 500000000),
(988, '2021', '6136.03.FBA.005.052', 'Pusat', '', '', 300000000),
(989, '2021', '6136.03.FBA.005.051', 'Pusat', '', '', 200000000),
(990, '2021', '6136.03.UBA.001.051	', 'Pusat', '', '', 1732500000),
(991, '2021', '6136.03.UBA.001.052', 'Pusat', '', '', 567500000),
(992, '2021', '6136.03.UBA.001.053', 'Pusat', '', '', 400000000),
(993, '2021', '6136.03.UBA.001.054', 'Pusat', '', '', 400000000),
(994, '2021', '6136.03.UBA.002.051	', 'Pusat', '', '', 806400000),
(995, '2021', '6136.03.UBA.002.052', 'Pusat', '', '', 450000000),
(996, '2021', '6136.03.UBA.002.053', 'Pusat', '', '', 1000000000),
(997, '2021', '6136.03.UBA.002.054', 'Pusat', '', '', 200000000),
(998, '2021', '6136.03.UBA.002.055', 'Pusat', '', '', 200000000),
(999, '2021', '6136.03.UBA.002.056', 'Pusat', '', '', 700000000),
(1000, '2021', '6136.03.UBA.003.051	', 'Pusat', '', '', 474000000),
(1001, '2021', '6136.03.UBA.003.052', 'Pusat', '', '', 500000000),
(1002, '2021', '6136.03.UBA.003.053', 'Pusat', '', '', 300000000),
(1003, '2021', '6136.03.UBA.003.054', 'Pusat', '', '', 200000000),
(1004, '2021', '6136.03.UBA.003.055', 'Pusat', '', '', 250000000),
(1005, '2021', '6136.03.UBA.003.056', 'Pusat', '', '', 1050000000),
(1006, '2021', '6136.03.UBA.003.057', 'Pusat', '', '', 650000000),
(1007, '2021', '6136.03.UBA.004.051	', 'Pusat', '', '', 750000000),
(1008, '2021', '6136.03.UBA.004.052', 'Pusat', '', '', 400000000),
(1009, '2021', '6136.03.UBA.004.053', 'Pusat', '', '', 300000000),
(1010, '2021', '6136.03.UBA.004.054', 'Pusat', '', '', 650000000),
(1011, '2021', '6136.03.UBA.005.051	', 'Pusat', '', '', 200000000),
(1012, '2021', '6136.03.UBA.005.052', 'Pusat', '', '', 300000000),
(1013, '2021', '6136.03.UBA.005.053', 'Pusat', '', '', 500000000),
(1014, '2021', '6137.01.ABL.051.051', 'Pusat', '', '', 400000000),
(1015, '2021', '6137.01.ABL.052.051', 'Pusat', '', '', 200000000),
(1016, '2021', '6137.01.FAB.001.051', 'Pusat', '', '', 250000000),
(1017, '2021', '6137.01.FAC.001.051', 'Pusat', '', '', 250000000),
(1018, '2021', '6137.01.FAC.001.052', 'Pusat', '', '', 100000000),
(1019, '2021', '6137.01.FAC.001.053', 'Pusat', '', '', 300000000),
(1020, '2021', '6137.01.FAC.001.054', 'Pusat', '', '', 300000000),
(1021, '2021', '6137.01.FAC.002.051', 'Pusat', '', '', 500000000),
(1022, '2021', '6137.01.FAC.002.051', 'Pusat', '', '', 200000000),
(1023, '2021', '6137.01.FAC.002.051', 'Pusat', '', '', 150000000),
(1024, '2021', '6137.01.FAC.002.051', 'Pusat', '', '', 250000000),
(1025, '2021', '6103.01.EAG.001.051', 'Pusat', '', '', 1635700000),
(1026, '2021', '6104.01.EAA.994.001', 'Pusat', '', '', 39462303000),
(1027, '2021', '6104.01.EAA.994.002', 'Pusat', '', '', 580920000),
(1028, '2021', '6104.01.EAA.994.002', 'Pusat', '', '', 580920000),
(1029, '2021', '6104.01.EAB.001.051', 'Pusat', '', '', 13280000),
(1030, '2021', '6104.01.EAB.001.052', 'Pusat', '', '', 39660000),
(1031, '2021', '6104.01.EAB.001.053', 'Pusat', '', '', 4900000),
(1032, '2021', '6104.01.EAB.002.051', 'Pusat', '', '', 1820000),
(1033, '2021', '6104.01.EAB.002.052', 'Pusat', '', '', 14750000),
(1034, '2021', '6104.01.EAB.002.053', 'Pusat', '', '', 2750000),
(1035, '2021', '6104.01.EAB.003.051', 'Pusat', '', '', 824540000),
(1036, '2021', '6104.01.EAB.003.052', 'Pusat', '', '', 375460000),
(1037, '2021', '6104.01.EAB.004.051', 'Pusat', '', '', 1315000000),
(1038, '2021', '6104.01.EAB.004.051', 'Pusat', '', '', 730000000),
(1039, '2021', '6104.01.EAC.001.051', 'Pusat', '', '', 1100000000),
(1040, '2021', '6104.01.EAC.001.052', 'Pusat', '', '', 937000000),
(1041, '2021', '6104.01.EAC.002.051', 'Pusat', '', '', 600000000),
(1042, '2021', '6104.01.EAC.002.052', 'Pusat', '', '', 453535000),
(1043, '2021', '6104.01.EAC.002.053', 'Pusat', '', '', 468975000),
(1044, '2021', '6104.01.EAC.002.054', 'Pusat', '', '', 694740000),
(1045, '2021', '6104.01.EAD.001.051', 'Pusat', '', '', 2410000000),
(1046, '2021', '6104.01.EAD.001.052', 'Pusat', '', '', 2240000000),
(1047, '2021', '6104.01.EAD.001.053', 'Pusat', '', '', 310000000),
(1048, '2021', '6104.01.EAL.001.051', 'Pusat', '', '', 386390000),
(1049, '2021', '6104.01.EAL.001.052', 'Pusat', '', '', 213610000),
(1050, '2021', '6104.01.EAL.001.053', 'Pusat', '', '', 300000000),
(1051, '2021', '6104.01.EAL.001.054', 'Pusat', '', '', 100000000),
(1052, '2021', '6105.01.EAI.001.051', 'Pusat', '', '', 402600000),
(1053, '2021', '6105.01.EAI.001.052', 'Pusat', '', '', 397400000),
(1054, '2021', '6105.01.EAJ.001.051', 'Pusat', '', '', 1500000000),
(1055, '2021', '6106.01.EAF.001.051', 'Pusat', '', '', 1300000000),
(1056, '2021', '6106.01.EAH.001.051', 'Pusat', '', '', 1100000000),
(1057, '2021', '1237.01.PBL.001.051', 'Dekonsentrasi', '', '', 83431802000),
(1058, '2021', '1237.01.PBL.001.060', 'Pusat', '', '', 880000000),
(1060, '2021', '1237.01.PBL.001.062', 'Pusat', '', '', 700000000),
(1064, '2021', '1237.01.PFA.001.051	', 'Pusat', '', '', 200000000),
(1065, '2021', '1237.01.PFA.002.051', 'Pusat', '', '', 250000000),
(1067, '2021', '1237.01.UAB.002.051', 'Pusat', '', '', 500000000),
(1068, '2021', '1237.01.UAE.001.051	', 'Pusat', '', '', 1500000000),
(1069, '2021', '1237.01.UAE.001.052	', 'Pusat', '', '', 751000000),
(1070, '2021', '1237.01.UAE.001.053', 'Pusat', '', '', 1000000000),
(1071, '2021', '1237.01.UAE.001.054', 'Pusat', '', '', 1000000000),
(1072, '2021', '1237.01.UBA.001.051', 'Pusat', '', '', 249994000),
(1073, '2021', '1237.01.UBA.001.052', 'Pusat', '', '', 229256000),
(1074, '2021', '1237.01.UBA.001.053', 'Pusat', '', '', 360000000),
(1075, '2021', '1237.01.UBA.001.054', 'Pusat', '', '', 200000000),
(1076, '2021', '1237.01.UBA.001.055', 'Pusat', '', '', 460750000),
(1077, '2021', '1237.01.UBA.002.051', 'Pusat', '', '', 500000000),
(1078, '2021', '1237.01.UBA.002.052', 'Pusat', '', '', 500000000),
(1079, '2021', '1237.01.UBA.002.053', 'Pusat', '', '', 1500000000),
(1080, '2021', '1237.01.UBA.003.051', 'Pusat', '', '', 1500000000),
(1081, '2021', '1237.01.UBA.004.051	', 'Pusat', '', '', 300000000),
(1082, '2021', '1237.01.UBA.004.052', 'Pusat', '', '', 900000000),
(1083, '2021', '1237.01.UBA.004.053', 'Pusat', '', '', 300000000),
(1084, '2021', '1237.01.UBA.005.051', 'Pusat', '', '', 250000000),
(1085, '2021', '1237.01.UBA.005.052', 'Pusat', '', '', 600000000),
(1086, '2021', '1237.01.UBA.005.053', 'Pusat', '', '', 650000000),
(1087, '2021', '1237.01.UBA.006.051', 'Pusat', '', '', 800000000),
(1088, '2021', '1237.01.UBA.006.053', 'Pusat', '', '', 600000000),
(1089, '2021', '1237.01.UBA.006.054', 'Pusat', '', '', 744650000),
(1090, '2021', '1237.01.UBA.006.055', 'Pusat', '', '', 300000000),
(1091, '2021', '1241.01.AAG.001.051', 'Pusat', '', '', 200000000),
(1092, '2021', '1241.01.AAG.002.051', 'Pusat', '', '', 200000000),
(1093, '2021', '1241.01.AAH.001.051', 'Pusat', '', '', 250000000),
(1094, '2021', '1241.01.AAH.001.052', 'Pusat', '', '', 300000000),
(1095, '2021', '1241.01.AAH.002.051', 'Pusat', '', '', 50000000),
(1096, '2021', '1241.01.ABL.001.051	', 'Pusat', '', '', 250000000),
(1097, '2021', '1241.01.ABL.001.051	', 'Pusat', '', '', 250000000),
(1098, '2021', '1241.01.ABL.002.051', 'Pusat', '', '', 376215000),
(1099, '2021', '1241.01.ABL.002.051', 'Pusat', '', '', 516750000),
(1100, '2021', '1241.01.ABL.002.051', 'Pusat', '', '', 500000000),
(1101, '2021', '1241.01.ABL.002.052', 'Pusat', '', '', 200000000),
(1102, '2021', '1241.01.ABL.002.052', 'Pusat', '', '', 200000000),
(1103, '2021', '1241.01.ABL.002.052', 'Pusat', '', '', 416788000),
(1104, '2021', '1241.01.ABL.002.053', 'Pusat', '', '', 500001000),
(1105, '2021', '1241.01.ABL.002.053', 'Pusat', '', '', 510236000),
(1106, '2021', '1241.01.ABL.002.053', 'Pusat', '', '', 600000000),
(1107, '2021', '1241.01.ABL.002.054', 'Pusat', '', '', 650000000),
(1108, '2021', '1241.01.CAI.001.051', 'Tugas Pembantua', '', '', 2850000000),
(1109, '2021', '1241.01.CAI.001.052', 'Pusat', '', '', 50000000),
(1110, '2021', '1241.01.FBA.001.051', 'Pusat', '', '', 508900000),
(1111, '2021', '1241.01.FBA.001.051', 'Pusat', '', '', 508900000),
(1112, '2021', '1241.01.FBA.001.051', 'Pusat', '', '', 458900000),
(1113, '2021', '1241.01.FBA.002.051', 'Pusat', '', '', 500000000),
(1114, '2021', '1241.01.FBA.002.051', 'Pusat', '', '', 664436000),
(1115, '2021', '1241.01.FBA.002.052', 'Pusat', '', '', 250000000),
(1116, '2021', '1241.01.FBA.002.052', 'Pusat', '', '', 117564000),
(1117, '2021', '1241.01.FBA.003.051', 'Pusat', '', '', 300000000),
(1118, '2021', '1241.01.FBA.003.052', 'Pusat', '', '', 250000000),
(1119, '2021', '1241.01.FBA.003.053', 'Pusat', '', '', 200000000),
(1120, '2021', '1241.01.FBA.003.054', 'Pusat', '', '', 249000000),
(1121, '2021', '1241.01.FBA.003.055', 'Pusat', '', '', 300000000),
(1122, '2021', '1241.01.FBA.003.056', 'Pusat', '', '', 150000000),
(1123, '2021', '1241.01.FBA.004.051', 'Pusat', '', '', 420000000),
(1124, '2021', '1241.01.FBA.004.052', 'Pusat', '', '', 250000000),
(1125, '2021', '1241.01.FBA.004.053', 'Pusat', '', '', 130000000),
(1126, '2021', '1241.01.PEC.001.051', 'Pusat', '', '', 1000000000),
(1127, '2021', '1241.01.PEC.001.052', 'Pusat', '', '', 650000000),
(1128, '2021', '1241.01.PEC.001.053', 'Pusat', '', '', 500000000),
(1129, '2021', '1241.01.PEC.001.054', 'Pusat', '', '', 500000000),
(1130, '2021', '1241.01.PEC.001.055', 'Pusat', '', '', 500000000),
(1131, '2021', '1241.01.PEC.001.056', 'Pusat', '', '', 700000000),
(1132, '2021', '1241.01.PEC.001.057', 'Pusat', '', '', 650000000),
(1133, '2021', '1241.01.UBA.001.051', 'Pusat', '', '', 1300000000),
(1134, '2021', '1241.01.UBA.001.052', 'Pusat', '', '', 900000000),
(1135, '2021', '1241.01.UBA.001.051', 'Pusat', '', '', 800000000),
(1136, '2021', '6136.03.AAG.001.051	', 'Pusat', '', '', 150000000),
(1137, '2021', '6136.03.AAG.002.051	', 'Pusat', '', '', 150000000),
(1138, '2021', '6136.03.AAG.003.051	', 'Pusat', '', '', 150000000),
(1139, '2021', '6136.03.AAG.004.051	', 'Pusat', '', '', 150000000),
(1140, '2021', '6136.03.AAG.005.051	', 'Pusat', '', '', 150000000),
(1141, '2021', '6136.03.AAG.006.051	', 'Pusat', '', '', 150000000),
(1142, '2021', '6136.03.ABQ.001.051', 'Pusat', '', '', 150000000),
(1143, '2021', '6136.03.AFA.001.051', 'Pusat', '', '', 250000000),
(1144, '2021', '6136.03.AFA.002.051', 'Pusat', '', '', 150000000),
(1145, '2021', '6136.03.AFA.003.051', 'Pusat', '', '', 150000000),
(1146, '2021', '6136.03.AFA.004.051', 'Pusat', '', '', 150000000),
(1147, '2021', '6136.03.AFA.005.051', 'Pusat', '', '', 655000000),
(1148, '2021', '6136.03.BEG.001.051', 'Pusat', '', '', 1200000000),
(1149, '2021', '6136.03.BEG.001.052', 'Pusat', '', '', 1600000000),
(1150, '2021', '6136.03.BEG.002.051', 'Pusat', '', '', 1000000000),
(1151, '2021', '6136.03.BEG.002.052', 'Pusat', '', '', 100000000),
(1152, '2021', '6136.03.FBA.001.051', 'Pusat', '', '', 300000000),
(1153, '2021', '6136.03.FBA.001.052', 'Pusat', '', '', 250000000),
(1154, '2021', '6136.03.FBA.001.053', 'Pusat', '', '', 145000000),
(1155, '2021', '6136.03.FBA.001.054', 'Pusat', '', '', 600000000),
(1156, '2021', '6136.03.FBA.002.051', 'Pusat', '', '', 570000000),
(1157, '2021', '6136.03.FBA.002.052', 'Pusat', '', '', 250000000),
(1158, '2021', '6136.03.FBA.003.051', 'Pusat', '', '', 350000000),
(1159, '2021', '6136.03.FBA.003.052', 'Pusat', '', '', 300000000),
(1160, '2021', '6136.03.FBA.003.053', 'Pusat', '', '', 450000000),
(1161, '2021', '6136.03.FBA.003.054', 'Pusat', '', '', 250000000),
(1162, '2021', '6136.03.FBA.003.055', 'Pusat', '', '', 250000000),
(1163, '2021', '6136.03.FBA.004.051', 'Pusat', '', '', 100000000),
(1164, '2021', '6136.03.FBA.004.052', 'Pusat', '', '', 150000000),
(1165, '2021', '6136.03.FBA.004.053', 'Pusat', '', '', 300000000),
(1166, '2021', '6136.03.FBA.004.054', 'Pusat', '', '', 200000000),
(1167, '2021', '6136.03.FBA.005.051', 'Pusat', '', '', 500000000),
(1168, '2021', '6136.03.FBA.005.052', 'Pusat', '', '', 300000000),
(1169, '2021', '6136.03.FBA.005.051', 'Pusat', '', '', 200000000),
(1170, '2021', '6136.03.UBA.001.051	', 'Pusat', '', '', 1732500000),
(1171, '2021', '6136.03.UBA.001.052', 'Pusat', '', '', 567500000),
(1172, '2021', '6136.03.UBA.001.053', 'Pusat', '', '', 400000000),
(1173, '2021', '6136.03.UBA.001.054', 'Pusat', '', '', 400000000),
(1174, '2021', '6136.03.UBA.002.051	', 'Pusat', '', '', 806400000),
(1175, '2021', '6136.03.UBA.002.052', 'Pusat', '', '', 450000000),
(1176, '2021', '6136.03.UBA.002.053', 'Pusat', '', '', 1000000000),
(1177, '2021', '6136.03.UBA.002.054', 'Pusat', '', '', 200000000),
(1178, '2021', '6136.03.UBA.002.055', 'Pusat', '', '', 200000000),
(1179, '2021', '6136.03.UBA.002.056', 'Pusat', '', '', 700000000),
(1180, '2021', '6136.03.UBA.003.051	', 'Pusat', '', '', 474000000),
(1181, '2021', '6136.03.UBA.003.052', 'Pusat', '', '', 500000000),
(1182, '2021', '6136.03.UBA.003.053', 'Pusat', '', '', 300000000),
(1183, '2021', '6136.03.UBA.003.054', 'Pusat', '', '', 200000000),
(1184, '2021', '6136.03.UBA.003.055', 'Pusat', '', '', 250000000),
(1185, '2021', '6136.03.UBA.003.056', 'Pusat', '', '', 1050000000),
(1186, '2021', '6136.03.UBA.003.057', 'Pusat', '', '', 650000000),
(1187, '2021', '6136.03.UBA.004.051	', 'Pusat', '', '', 750000000),
(1188, '2021', '6136.03.UBA.004.052', 'Pusat', '', '', 400000000),
(1189, '2021', '6136.03.UBA.004.053', 'Pusat', '', '', 300000000),
(1190, '2021', '6136.03.UBA.004.054', 'Pusat', '', '', 650000000),
(1191, '2021', '6136.03.UBA.005.051	', 'Pusat', '', '', 200000000),
(1192, '2021', '6136.03.UBA.005.052', 'Pusat', '', '', 300000000),
(1193, '2021', '6136.03.UBA.005.053', 'Pusat', '', '', 500000000),
(1194, '2021', '6137.01.ABL.051.051', 'Pusat', '', '', 400000000),
(1195, '2021', '6137.01.ABL.052.051', 'Pusat', '', '', 200000000),
(1196, '2021', '6137.01.FAB.001.051', 'Pusat', '', '', 250000000),
(1197, '2021', '6137.01.FAC.001.051', 'Pusat', '', '', 250000000),
(1198, '2021', '6137.01.FAC.001.052', 'Pusat', '', '', 100000000),
(1199, '2021', '6137.01.FAC.001.053', 'Pusat', '', '', 300000000),
(1200, '2021', '6137.01.FAC.001.054', 'Pusat', '', '', 300000000),
(1201, '2021', '6137.01.FAC.002.051', 'Pusat', '', '', 500000000),
(1202, '2021', '6137.01.FAC.002.051', 'Pusat', '', '', 200000000),
(1203, '2021', '6137.01.FAC.002.051', 'Pusat', '', '', 150000000),
(1204, '2021', '6137.01.FAC.002.051', 'Pusat', '', '', 250000000),
(1205, '2021', '6103.01.EAG.001.051', 'Pusat', '', '', 1635700000),
(1206, '2021', '6104.01.EAA.994.001', 'Pusat', '', '', 39462303000),
(1207, '2021', '6104.01.EAA.994.002', 'Pusat', '', '', 580920000),
(1208, '2021', '6104.01.EAA.994.002', 'Pusat', '', '', 580920000),
(1209, '2021', '6104.01.EAB.001.051', 'Pusat', '', '', 13280000),
(1210, '2021', '6104.01.EAB.001.052', 'Pusat', '', '', 39660000),
(1211, '2021', '6104.01.EAB.001.053', 'Pusat', '', '', 4900000),
(1212, '2021', '6104.01.EAB.002.051', 'Pusat', '', '', 1820000),
(1213, '2021', '6104.01.EAB.002.052', 'Pusat', '', '', 14750000),
(1214, '2021', '6104.01.EAB.002.053', 'Pusat', '', '', 2750000),
(1215, '2021', '6104.01.EAB.003.051', 'Pusat', '', '', 824540000),
(1216, '2021', '6104.01.EAB.003.052', 'Pusat', '', '', 375460000),
(1217, '2021', '6104.01.EAB.004.051', 'Pusat', '', '', 1315000000),
(1218, '2021', '6104.01.EAB.004.051', 'Pusat', '', '', 730000000),
(1219, '2021', '6104.01.EAC.001.051', 'Pusat', '', '', 1100000000),
(1220, '2021', '6104.01.EAC.001.052', 'Pusat', '', '', 937000000),
(1221, '2021', '6104.01.EAC.002.051', 'Pusat', '', '', 600000000),
(1222, '2021', '6104.01.EAC.002.052', 'Pusat', '', '', 453535000),
(1223, '2021', '6104.01.EAC.002.053', 'Pusat', '', '', 468975000),
(1224, '2021', '6104.01.EAC.002.054', 'Pusat', '', '', 694740000),
(1225, '2021', '6104.01.EAD.001.051', 'Pusat', '', '', 2410000000),
(1226, '2021', '6104.01.EAD.001.052', 'Pusat', '', '', 2240000000),
(1227, '2021', '6104.01.EAD.001.053', 'Pusat', '', '', 310000000),
(1228, '2021', '6104.01.EAL.001.051', 'Pusat', '', '', 386390000),
(1229, '2021', '6104.01.EAL.001.052', 'Pusat', '', '', 213610000),
(1230, '2021', '6104.01.EAL.001.053', 'Pusat', '', '', 300000000),
(1231, '2021', '6104.01.EAL.001.054', 'Pusat', '', '', 100000000),
(1232, '2021', '6105.01.EAI.001.051', 'Pusat', '', '', 402600000),
(1233, '2021', '6105.01.EAI.001.052', 'Pusat', '', '', 397400000),
(1234, '2021', '6105.01.EAJ.001.051', 'Pusat', '', '', 1500000000),
(1235, '2021', '6106.01.EAF.001.051', 'Pusat', '', '', 1300000000),
(1236, '2021', '6106.01.EAH.001.051', 'Pusat', '', '', 1100000000);

-- --------------------------------------------------------

--
-- Table structure for table `tb_pagu_rev`
--

CREATE TABLE `tb_pagu_rev` (
  `id_pagurev` int(11) NOT NULL,
  `id_pagu` int(11) NOT NULL,
  `revisike` varchar(2) NOT NULL,
  `pagurev` float NOT NULL
) ENGINE=InnoDB DEFAULT CHARSET=latin1 COLLATE=latin1_swedish_ci;

--
-- Dumping data for table `tb_pagu_rev`
--

INSERT INTO `tb_pagu_rev` (`id_pagurev`, `id_pagu`, `revisike`, `pagurev`) VALUES
(4, 1, '', 200000000),
(16, 26, '', 2000000000),
(17, 31, '', 250000000),
(19, 33, '', 850000000),
(20, 34, '', 200000000),
(21, 36, '', 600000000),
(22, 37, '', 500000000),
(23, 38, '', 580000000),
(24, 39, '', 480000000),
(25, 52, '', 480000000),
(26, 59, '', 350000000),
(27, 61, '', 200000000),
(28, 63, '', 200000000),
(30, 73, '', 200000000),
(31, 74, '', 900000000),
(32, 77, '', 751761000),
(33, 79, '', 1171760000),
(34, 1, '', 500000000),
(35, 4, '', 300090000),
(36, 5, '', 350000000),
(37, 6, '', 350000000),
(38, 7, '', 2000000000),
(39, 8, '', 1000000000),
(40, 9, '', 1000000000),
(43, 12, '', 250000000),
(44, 13, '', 400000000),
(45, 14, '', 500000000),
(48, 17, '', 400000000),
(49, 18, '', 400000000),
(50, 19, '', 300000000),
(51, 20, '', 109837000000),
(52, 21, '', 1500000000),
(53, 3, '', 700000000),
(54, 22, '', 650000000),
(55, 23, '', 850000000),
(56, 25, '', 1500000000),
(57, 26, '', 1000000000),
(58, 27, '', 700000000),
(59, 30, '', 400000000),
(60, 32, '', 300000000),
(61, 33, '', 1000000000),
(62, 125, '', 500000000),
(63, 126, '', 490000000),
(64, 127, '', 740000000),
(65, 128, '', 1171760000),
(66, 129, '', 14000000),
(67, 136, '', 600000000),
(68, 130, '', 39660000),
(69, 133, '', 14575000),
(70, 135, '', 737969000),
(71, 136, '', 2101000),
(72, 137, '', 2071630000),
(73, 138, '', 1933680000),
(74, 139, '', 650000000),
(75, 140, '', 1782340000),
(76, 141, '', 1000000000),
(77, 142, '', 1700000000),
(78, 143, '', 1030000000),
(79, 144, '', 1200000000),
(80, 145, '', 775338000),
(81, 146, '', 3423780000),
(82, 147, '', 792000000),
(83, 149, '', 7124730000),
(84, 115, '', 300000000),
(85, 116, '', 1182230000),
(86, 117, '', 500000000),
(87, 120, '', 550000000),
(88, 121, '', 1933880000),
(89, 122, '', 969810000),
(90, 123, '', 2116300000),
(91, 124, '', 700000000),
(92, 86, '', 350000000),
(93, 87, '', 795200000),
(94, 89, '', 704800000),
(95, 90, '', 550000000),
(96, 91, '', 750000000),
(97, 92, '', 885000000),
(98, 93, '', 365000000),
(99, 94, '', 1000000000),
(100, 95, '', 500000000),
(101, 96, '', 650000000),
(102, 97, '', 500000000),
(103, 98, '', 400000000),
(104, 99, '', 100000000),
(105, 100, '', 369430000),
(106, 101, '', 670000000),
(107, 102, '', 300000000),
(108, 103, '', 200000000),
(109, 104, '', 300000000),
(110, 105, '', 300000000),
(111, 106, '', 350000000),
(112, 107, '', 305711000),
(113, 108, '', 250000000),
(114, 109, '', 342630000),
(115, 110, '', 476289000),
(116, 112, '', 470000000),
(117, 113, '', 500000000),
(118, 114, '', 700000000),
(119, 50, '', 350000000),
(120, 51, '', 850000000),
(121, 52, '', 250000000),
(122, 53, '', 250000000),
(123, 54, '', 250000000),
(124, 55, '', 300000000),
(125, 36, '', 420000000),
(126, 37, '', 163535000),
(127, 38, '', 300000000),
(128, 39, '', 406000000),
(129, 40, '', 300000000),
(130, 41, '', 300000000),
(131, 42, '', 200000000),
(132, 43, '', 400000000),
(133, 44, '', 300000000),
(134, 45, '', 100000000),
(135, 46, '', 400000000),
(136, 47, '', 270000000),
(137, 48, '', 298558000),
(138, 49, '', 700000000),
(139, 56, '', 400000000),
(140, 57, '', 470000000),
(141, 58, '', 400000000),
(142, 59, '', 671750000),
(143, 60, '', 700000000),
(144, 61, '', 400000000),
(145, 62, '', 300000000),
(146, 63, '', 200000000),
(147, 64, '', 400000000),
(148, 65, '', 900000000),
(149, 66, '', 200000000),
(150, 67, '', 600000000),
(151, 68, '', 180000000),
(152, 69, '', 500000000),
(153, 70, '', 1500000000),
(154, 71, '', 1000000000),
(155, 72, '', 400000000),
(156, 73, '', 905825000),
(157, 74, '', 300000000),
(158, 75, '', 250000000),
(159, 76, '', 400000000),
(160, 77, '', 100000000),
(161, 78, '', 1100000000),
(162, 79, '', 150000000),
(163, 80, '', 350000000),
(164, 81, '', 350000000),
(165, 82, '', 300000000),
(166, 83, '', 243650000),
(167, 84, '', 300000000),
(168, 85, '', 700000000);

-- --------------------------------------------------------

--
-- Table structure for table `tb_subindikator`
--

CREATE TABLE `tb_subindikator` (
  `id_subindikator` int(11) NOT NULL,
  `id_indikator` int(11) NOT NULL,
  `nama_target` varchar(200) NOT NULL,
  `ket_target` varchar(200) NOT NULL,
  `satuan` varchar(50) NOT NULL,
  `rprosen_1` int(11) NOT NULL,
  `rprosen_2` int(11) NOT NULL,
  `rprosen_3` int(11) NOT NULL,
  `rprosen_4` int(11) NOT NULL,
  `rprosen_5` int(11) NOT NULL,
  `rprosen_6` int(11) NOT NULL,
  `rprosen_7` int(11) NOT NULL,
  `rprosen_8` int(11) NOT NULL,
  `rprosen_9` int(11) NOT NULL,
  `rprosen_10` int(11) NOT NULL,
  `rprosen_11` int(11) NOT NULL,
  `rprosen_12` int(11) NOT NULL,
  `rnilai_1` float NOT NULL,
  `rnilai_2` float NOT NULL,
  `rnilai_3` float NOT NULL,
  `rnilai_4` float NOT NULL,
  `rnilai_5` float NOT NULL,
  `rnilai_6` float NOT NULL,
  `rnilai_7` float NOT NULL,
  `rnilai_8` float NOT NULL,
  `rnilai_9` float NOT NULL,
  `rnilai_10` float NOT NULL,
  `rnilai_11` float NOT NULL,
  `rnilai_12` float NOT NULL
) ENGINE=InnoDB DEFAULT CHARSET=latin1 COLLATE=latin1_swedish_ci;

-- --------------------------------------------------------

--
-- Table structure for table `tb_ticket_rev`
--

CREATE TABLE `tb_ticket_rev` (
  `id` int(11) NOT NULL,
  `tahun_anggaran` int(11) DEFAULT NULL,
  `nomor_surat` varchar(50) DEFAULT NULL,
  `tanggal_surat` date DEFAULT NULL,
  `satker` varchar(255) DEFAULT NULL,
  `provinsi` varchar(50) DEFAULT NULL,
  `direktorat` varchar(255) DEFAULT NULL,
  `jenis_revisi` varchar(50) DEFAULT NULL,
  `nama_pejabat` varchar(255) DEFAULT NULL,
  `jabatan` varchar(150) DEFAULT NULL,
  `perihal` varchar(255) DEFAULT NULL,
  `nota_dinas_pptk` varchar(255) DEFAULT NULL,
  `nota_dinas_ppk` varchar(255) DEFAULT NULL,
  `matrik_rab` varchar(255) DEFAULT NULL,
  `kak` varchar(255) DEFAULT NULL,
  `dokumen_pendukung` varchar(255) DEFAULT NULL,
  `keterangan` text DEFAULT NULL,
  `status` varchar(50) DEFAULT 'new',
  `approved_by` varchar(50) DEFAULT NULL,
  `approved_at` datetime DEFAULT NULL,
  `catatan_approval` longtext CHARACTER SET utf8mb4 COLLATE utf8mb4_bin DEFAULT NULL,
  `created_by` varchar(50) DEFAULT NULL,
  `created_at` datetime DEFAULT NULL,
  `verified_at` datetime DEFAULT NULL,
  `verified_by` varchar(50) DEFAULT NULL,
  `catatan_verifikasi` longtext CHARACTER SET utf8mb4 COLLATE utf8mb4_bin DEFAULT NULL,
  `updated_by` varchar(50) DEFAULT NULL,
  `updated_at` datetime DEFAULT NULL
) ENGINE=InnoDB DEFAULT CHARSET=latin1 COLLATE=latin1_general_ci;

--
-- Dumping data for table `tb_ticket_rev`
--

INSERT INTO `tb_ticket_rev` (`id`, `tahun_anggaran`, `nomor_surat`, `tanggal_surat`, `satker`, `provinsi`, `direktorat`, `jenis_revisi`, `nama_pejabat`, `jabatan`, `perihal`, `nota_dinas_pptk`, `nota_dinas_ppk`, `matrik_rab`, `kak`, `dokumen_pendukung`, `keterangan`, `status`, `approved_by`, `approved_at`, `catatan_approval`, `created_by`, `created_at`, `verified_at`, `verified_by`, `catatan_verifikasi`, `updated_by`, `updated_at`) VALUES
(1, 2023, '342434234', '2023-01-13', '027486 - DIREKTORAT JENDERAL BINA ADMINISTRASI KEWILAYAHAN', '51', '1241', 'kanwil_dpjb', 'sdfs', 'sdfsfd', 'sdfsdf', 'C:\\xampp7-newest\\tmp\\phpFD1C.tmp', 'C:\\xampp7-newest\\tmp\\phpFD1B.tmp', 'C:\\xampp7-newest\\tmp\\phpFD1A.tmp', 'C:\\xampp7-newest\\tmp\\phpFD19.tmp', 'Tidak Ada File', 'asdadsads', 'new', NULL, NULL, '', '1', '2023-01-13 08:01:58', NULL, NULL, NULL, NULL, '2023-01-13 08:01:58'),
(2, 2023, '23424243342', '2023-01-06', '027486 - DIREKTORAT JENDERAL BINA ADMINISTRASI KEWILAYAHAN', '51', '1238', 'kanwil_dpjb', 'dasdasda', 'adsasdasd', 'adsasdas', 'C:\\xampp7-newest\\tmp\\php2E88.tmp', 'C:\\xampp7-newest\\tmp\\php2E87.tmp', 'C:\\xampp7-newest\\tmp\\php2E77.tmp', 'C:\\xampp7-newest\\tmp\\php2E66.tmp', 'Tidak Ada File', 'adasdasd', 'new', NULL, NULL, '', '1', '2023-01-13 08:57:53', NULL, NULL, NULL, NULL, '2023-01-13 08:57:53'),
(3, 2023, '231423445', '2023-01-06', '027486 - DIREKTORAT JENDERAL BINA ADMINISTRASI KEWILAYAHAN', '36', '1240', 'kanwil_dpjb', 'dfsdfsdf', 'sfdsdf', 'sfsdf', 'C:\\xampp7-newest\\tmp\\php67D9.tmp', 'C:\\xampp7-newest\\tmp\\php67C8.tmp', 'C:\\xampp7-newest\\tmp\\php67C7.tmp', 'C:\\xampp7-newest\\tmp\\php67C6.tmp', 'Tidak Ada File', 'sdfsdfsfd', 'new', NULL, NULL, '', '1', '2023-01-13 09:02:30', NULL, NULL, NULL, NULL, '2023-01-13 09:02:30'),
(4, 2023, '435345345', '2023-01-13', '027486 - DIREKTORAT JENDERAL BINA ADMINISTRASI KEWILAYAHAN', '34', '1238', 'kanwil_dpjb', 'asdfsdf', 'sfdsdfsdf', 'sdfsdf', 'undefined', 'undefined', 'undefined', 'undefined', 'Tidak Ada File', 'sdfsdf', 'new', NULL, NULL, '', '1', '2023-01-13 09:12:51', NULL, NULL, NULL, NULL, '2023-01-13 09:12:51');

-- --------------------------------------------------------

--
-- Stand-in structure for view `vakun`
-- (See below for the actual view)
--
CREATE TABLE `vakun` (
`id_akun` int(11)
,`no_akun` varchar(50)
,`akun` varchar(200)
,`id_dir` int(11)
,`nama_dir` varchar(100)
,`id_subdir` int(11)
,`nama_subdir` varchar(100)
);

-- --------------------------------------------------------

--
-- Structure for view `vakun`
--
DROP TABLE IF EXISTS `vakun`;

CREATE ALGORITHM=UNDEFINED DEFINER=`bangarie`@`localhost` SQL SECURITY DEFINER VIEW `vakun`  AS SELECT `akun`.`id_akun` AS `id_akun`, `akun`.`no_akun` AS `no_akun`, `akun`.`akun` AS `akun`, `akun`.`id_dir` AS `id_dir`, `dir`.`nama_dir` AS `nama_dir`, `akun`.`id_subdir` AS `id_subdir`, `subdir`.`nama_subdir` AS `nama_subdir` FROM ((`tbm_akun` `akun` join `tbm_dir` `dir`) join `tbm_subdir` `subdir`) WHERE `akun`.`id_dir` = `dir`.`id_dir` AND `akun`.`id_subdir` = `subdir`.`id_subdir` ORDER BY `akun`.`no_akun` ASC ;

--
-- Indexes for dumped tables
--

--
-- Indexes for table `tb_akses`
--
ALTER TABLE `tb_akses`
  ADD PRIMARY KEY (`id_akses`);

--
-- Indexes for table `tb_log_ticketing`
--
ALTER TABLE `tb_log_ticketing`
  ADD PRIMARY KEY (`id`);

--
-- Indexes for table `tb_ticket_rev`
--
ALTER TABLE `tb_ticket_rev`
  ADD PRIMARY KEY (`id`);

--
-- AUTO_INCREMENT for dumped tables
--

--
-- AUTO_INCREMENT for table `tb_akses`
--
ALTER TABLE `tb_akses`
  MODIFY `id_akses` int(11) NOT NULL AUTO_INCREMENT, AUTO_INCREMENT=19;

--
-- AUTO_INCREMENT for table `tb_log_ticketing`
--
ALTER TABLE `tb_log_ticketing`
  MODIFY `id` int(11) NOT NULL AUTO_INCREMENT;

--
-- AUTO_INCREMENT for table `tb_ticket_rev`
--
ALTER TABLE `tb_ticket_rev`
  MODIFY `id` int(11) NOT NULL AUTO_INCREMENT, AUTO_INCREMENT=5;
COMMIT;

/*!40101 SET CHARACTER_SET_CLIENT=@OLD_CHARACTER_SET_CLIENT */;
/*!40101 SET CHARACTER_SET_RESULTS=@OLD_CHARACTER_SET_RESULTS */;
/*!40101 SET COLLATION_CONNECTION=@OLD_COLLATION_CONNECTION */;
